content_id,dislikes
2,1
3,1
4,3
5,2
6,3
7,3
9,5
11,2
12,1
14,6
15,3
16,3
17,5
18,1
19,8
20,2
21,1
23,2
24,5
25,2
26,3
27,1
28,5
29,1
31,3
32,3
33,4
34,2
35,4
36,2
37,4
38,2
39,4
40,1
41,6
42,1
44,3
46,2
47,4
48,4
49,2
50,1
51,1
52,2
53,2
54,2
55,2
57,5
58,3
59,3
60,3
61,4
63,4
64,4
65,1
66,2
70,1
73,1
75,3
76,3
77,2
82,1
83,2
86,2
90,1
91,1
98,1
104,2
115,2
117,1
118,1
128,1
130,1
134,3
138,1
139,3
145,1
146,1
147,1
148,3
150,1
152,3
153,1
159,1
161,3
163,1
164,2
167,1
170,2
171,1
173,2
174,1
175,4
179,1
183,1
184,3
185,2
186,1
201,2
202,1
205,4
206,1
210,1
211,4
215,1
216,2
217,4
218,4
219,1
224,1
225,1
227,4
233,2
234,3
235,1
237,3
243,1
244,1
245,1
246,5
247,2
249,1
253,3
257,1
258,4
262,3
269,1
272,1
273,3
280,1
284,1
285,1
288,1
292,1
293,2
295,3
298,1
304,2
308,2
309,1
313,2
315,1
316,2
319,4
323,3
324,2
333,1
334,1
336,2
341,3
342,1
346,1
347,1
357,1
374,1
391,1
395,1
407,1
411,1
412,3
416,1
417,1
421,1
422,1
423,1
424,1
428,1
432,1
433,2
434,1
435,2
438,2
439,1
440,1
441,1
444,1
446,1
448,1
450,4
461,1
462,6
463,4
473,1
479,1
491,2
496,4
497,3
501,3
506,1
507,1
508,1
509,3
511,2
514,5
527,1
528,1
531,1
536,1
538,1
540,1
541,4
542,3
543,2
544,1
545,2
552,1
554,1
557,1
559,1
562,1
565,2
567,2
568,2
569,1
570,3
572,2
574,2
575,2
579,1
581,1
586,1
593,1
594,1
601,5
602,7
608,1
611,1
613,1
615,1
643,1
645,1
653,1
665,1
668,1
669,1
670,2
675,1
687,1
698,1
702,1
706,2
717,1
721,1
723,2
724,1
728,1
731,1
732,1
751,4
752,2
753,1
756,3
763,1
768,1
771,1
773,2
774,4
777,1
778,5
779,1
788,1
791,1
792,3
808,1
814,1
815,1
816,1
817,3
818,3
819,3
820,1
824,2
825,4
849,1
852,1
861,1
866,1
875,1
877,1
878,1
884,1
886,4
887,1
889,1
891,1
892,2
894,1
902,1
906,1
911,1
912,1
913,1
914,1
915,3
916,3
917,2
919,1
922,1
923,2
924,1
930,1
932,1
935,1
948,1
953,1
954,1
955,1
976,1
978,1
980,1
981,1
987,1
992,3
993,1
995,1
1014,1
1016,2
1017,2
1047,4
1064,2
1066,1
1103,1
1104,1
1109,1
1121,4
1126,1
1133,1
1135,1
1137,1
1139,1
1142,1
1143,2
1144,1
1207,1
1259,1
1264,1
1294,1
1299,6
1314,3
1315,3
1326,1
1327,1
1336,1
1337,2
1339,1
1341,1
1351,1
1352,1
1354,1
1356,1
1359,1
1381,1
1399,1
1401,1
1404,1
1408,1
1417,1
1419,1
1441,2
1444,1
1456,1
1460,2
1462,1
1464,2
1467,5
1468,1
1469,1
1487,1
1490,1
1507,1
1508,1
1510,1
1516,1
1519,1
1522,1
1530,1
1549,1
1550,1
1554,1
1557,1
1575,1
1577,1
1585,2
1586,1
1587,3
1594,1
1596,1
1608,1
1613,2
1615,1
1616,3
1624,1
1641,1
1667,2
1668,1
1683,3
1684,1
1688,1
1689,1
1694,1
1695,1
1702,1
1703,1
1704,5
1707,1
1730,1
1752,1
1754,1
1762,1
1777,1
1778,1
1791,1
1801,1
1806,1
1810,1
1816,1
1820,3
1851,1
1882,1
1883,2
1892,2
1896,1
1911,2
1922,1
1925,4
1934,1
1945,1
1954,64
1955,56
1956,50
1961,65
1962,50
1963,66
1968,68
1969,56
1970,51
1975,67
1976,57
1977,54
1979,1
1982,62
1983,45
1984,66
1987,53
1988,51
1989,57
1992,66
1993,48
1994,48
1997,79
1998,62
1999,66
2004,69
2005,57
2006,45
2014,1
2016,1
2022,1
2030,1
2035,2
2038,2
2040,1
2043,1
2047,1
2071,1
2078,1
2085,1
2128,3
2130,1
2136,2
2137,1
2139,3
2140,1
2145,2
2146,1
2147,2
2158,3
2159,1
2162,1
2163,1
2171,1
2172,1
2173,1
2178,3
2179,2
2180,2
2185,1
2186,3
2187,2
2192,2
2193,1
2197,1
2199,2
2200,2
2201,3
2202,6
2203,1
2204,1
2208,1
2209,2
2241,1
2256,2
2262,1
2264,3
2265,1
2270,2
2271,4
2272,1
2278,3
2279,2
2280,5
2286,1
2297,2
2298,2
2305,2
2306,1
2307,4
2311,2
2313,2
2314,6
2315,3
2319,1
2320,1
2322,6
2323,1
2326,1
2327,3
2328,4
2331,2
2332,3
2333,1
2365,2
2368,4
2375,2
2377,2
2378,1
2380,1
2385,1
2386,3
2387,1
2390,3
2391,2
2392,3
2394,2
2395,3
2398,3
2399,3
2400,4
2401,5
2402,2
2403,1
2406,2
2407,3
2417,1
2418,2
2419,2
2420,2
2421,6
2422,3
2427,1
2428,2
2431,1
2432,3
2433,4
2447,1
2450,1
2456,2
2457,2
2460,1
2475,1
2481,1
2504,1
2505,2
2527,3
2528,4
2529,1
2535,2
2537,5
2548,4
2550,4
2558,3
2560,2
2561,3
2567,6
2569,3
2570,3
2579,2
2581,2
2582,6
2592,1
2599,5
2601,2
2603,3
2605,2
2608,2
2610,2
2611,2
2613,1
2614,3
2616,2
2620,2
2621,1
2636,1
2639,2
2640,2
2641,2
2645,1
2647,5
2648,1
2649,4
2655,2
2656,1
2657,4
2661,1
2662,4
2667,2
2669,5
2674,3
2675,2
2676,4
2677,5
2678,1
2679,2
2681,2
2682,1
2683,1
2690,2
2691,1
2692,3
2694,3
2698,1
2699,1
2717,1
2719,1
2722,1
2728,1
2773,1
2778,1
2779,1
2783,4
2784,1
2785,2
2792,1
2793,3
2797,2
2798,3
2799,2
2801,1
2803,3
2804,3
2806,1
2807,2
2808,4
2809,1
2811,1
2812,1
2813,6
2816,2
2817,1
2819,1
2824,1
2825,1
2826,2
2835,2
2837,1
2843,1
2846,2
2847,2
2848,2
2854,1
2862,1
2863,1
2867,1
2878,6
2882,1
2900,1
2913,3
2914,1
2915,2
2916,4
2917,2
2918,1
2921,2
2922,1
2923,2
2927,4
2928,2
2929,1
2937,2
2938,4
2939,4
2947,1
2948,1
2949,3
2960,4
2962,1
2968,3
2969,1
2970,1
2972,2
2973,2
2974,2
2986,1
2993,1
2999,1
3016,1
3020,1
3023,1
3044,1
3045,6
3046,2
3050,6
3051,1
3054,1
3055,4
3056,7
3060,1
3061,5
3062,4
3067,2
3102,5
3104,6
3110,2
3111,1
3113,1
3118,1
3119,1
3120,2
3135,1
3138,1
3142,2
3144,2
3145,1
3156,1
3198,1
3202,2
3206,2
3208,1
3219,1
3224,1
3239,1
3252,4
3253,4
3254,2
3263,4
3275,2
3276,1
3282,2
3285,1
3289,2
3290,2
3291,2
3297,2
3298,2
3303,1
3306,5
3307,1
3308,3
3309,2
3312,2
3313,3
3314,1
3326,1
3338,1
3339,1
3350,1
3358,1
3370,1
3395,1
3420,4
3421,2
3432,1
3436,2
3467,1
3493,3
3494,4
3495,2
3497,1
3503,1
3514,4
3515,2
3516,4
3519,3
3520,1
3522,2
3525,2
3528,3
3530,2
3531,1
3540,3
3542,1
3543,1
3548,3
3549,6
3551,1
3556,1
3558,2
3559,3
3564,3
3565,3
3566,5
3571,1
3575,2
3576,1
3577,2
3586,3
3593,1
3598,1
3601,4
3605,3
3617,1
3649,1
3654,2
3679,1
3684,1
3703,1
3715,1
3752,1
3765,1
3774,1
3812,1
3813,3
3814,3
3819,4
3823,3
3824,2
3825,2
3826,3
3827,3
3828,3
3829,1
3830,2
3832,1
3833,1
3835,1
3836,2
3837,2
3843,1
3858,1
3885,2
3887,1
3896,3
3897,1
3906,3
3907,1
3908,1
3917,5
3918,3
3919,4
3921,1
3922,1
3930,1
3932,3
3933,2
3938,1
3945,2
3948,1
3949,1
3958,1
3968,7
3975,2
3976,4
3977,4
3998,1
4067,1
4069,3
4081,1
4091,1
4101,1
4133,1
4137,2
4140,1
4147,1
4164,2
4166,1
4170,3
4171,4
4176,2
4177,2
4178,3
4187,2
4188,1
4189,3
4194,2
4195,2
4196,1
4201,2
4202,2
4208,3
4209,1
4210,5
4214,1
4222,1
4229,1
4235,1
4249,1
4255,1
4261,1
4272,1
4305,1
4308,1
4323,3
4324,2
4325,3
4337,1
4344,1
4345,3
4352,1
4368,2
4384,1
4412,4
4413,2
4414,1
4418,1
4433,1
4442,1
4461,4
4463,3
4475,1
4478,1
4488,3
4490,2
4502,4
4517,8
4527,1
4528,1
4539,1
4554,1
4602,1
4605,1
4629,1
4631,3
4632,4
4636,1
4639,1
4648,1
4656,1
4658,2
4667,1
4671,185
4672,1
4678,165
4684,182
4688,1
4693,161
4703,177
4705,1
4710,173
4721,2
4722,1
4723,2
4725,1
4726,1
4727,4
4733,3
4734,3
4735,1
4738,1
4746,1
4747,3
4748,1
4754,3
4755,1
4756,2
4757,2
4758,1
4763,2
4765,1
4766,2
4767,2
4769,1
4770,1
4779,1
4786,1
4806,1
4811,3
4816,1
4842,1
4847,2
4849,1
4877,1
4919,1
4957,4
4959,2
4964,4
4965,2
4966,1
4971,3
4994,1
4995,1
5003,1
5022,2
5023,4
5025,1
5026,2
5036,4
5037,1
5038,2
5048,1
5052,5
5064,3
5065,4
5075,2
5076,2
5077,3
5088,2
5089,1
5090,2
5130,1
5172,1
5173,1
5190,1
5191,2
5196,1
5197,1
5209,1
5222,188
5226,167
5229,2
5230,2
5231,3
5233,185
5237,4
5238,1
5239,1
5240,177
5252,1
5254,1
5255,4
5256,3
5259,1
5267,3
5268,2
5269,1
5276,1
5277,3
5278,2
5322,1
5340,3
5343,2
5348,1
5355,1
5366,3
5393,2
5395,2
5398,1
5409,1
5419,1
5428,1
5453,3
5455,3
5467,2
5468,1
5475,1
5476,1
5477,2
5484,1
5491,2
5494,1
5510,1
5519,3
5520,1
5521,1
5523,3
5531,1
5532,3
5534,1
5535,2
5537,1
5539,2
5546,3
5547,5
5548,1
5549,2
5556,1
5558,4
5567,2
5568,2
5569,2
5572,1
5578,1
5579,1
5581,3
5584,1
5588,4
5589,1
5605,1
5656,1
5661,1
5673,1
5685,1
5686,1
5722,2
5725,1
5738,1
5744,1
5757,1
5759,1
5764,1
5766,1
5783,1
5797,1
5802,1
5812,1
5823,1
5824,1
5828,1
5846,1
5851,1
5857,1
5869,1
5879,1
5885,2
5895,1
5897,1
5902,1
5912,1
5913,1
5920,1
5931,1
5937,2
5938,1
5939,1
5967,1
5988,1
6014,1
6023,3
6033,3
6035,1
6038,1
6042,117
6043,115
6058,108
6059,113
6077,108
6078,108
6100,1
6101,113
6102,119
6116,4
6120,2
6129,114
6130,102
6143,3
6144,3
6146,3
6154,96
6155,124
6170,1
6171,1
6172,3
6173,1
6175,1
6195,1
6196,2
6199,1
6205,1
6218,5
6219,2
6220,3
6234,1
6243,1
6245,2
6246,3
6248,2
6266,1
6289,1
6291,2
6301,1
6310,110
6311,1
6312,115
6316,3
6327,1
6337,1
6342,1
6349,1
6379,1
6384,1
6399,1
6409,3
6418,6
6419,2
6420,2
6422,167
6426,4
6427,2
6428,3
6430,158
6431,2
6432,2
6433,1
6434,156
6436,2
6437,3
6438,4
6440,160
6441,2
6442,2
6443,2
6444,3
6445,1
6446,2
6447,1
6448,3
6449,2
6458,55
6461,1
6463,51
6467,1
6471,51
6484,60
6498,37
6511,51
6522,1
6530,1
6533,1
6564,1
6585,1
6591,1
6607,1
6633,1
6653,5
6663,1
6665,2
6666,1
6670,2
6671,3
6686,1
6688,1
6694,2
6703,1
6704,1
6713,1
6716,1
6717,1
6745,1
6761,3
6762,2
6764,2
6768,2
6786,1
6787,5
6788,2
6806,1
6808,3
6836,6
6838,1
6849,1
6852,1
6870,4
6873,3
6876,1
6882,1
6901,2
6902,2
6904,2
6933,1
6955,1
6958,1
6978,1
6980,4
6981,1
6987,2
6989,2
6993,2
7011,2
7012,2
7025,1
7040,1
7045,1
7047,2
7059,2
7083,1
7093,1
7097,1
7109,1
7110,1
7114,1
7122,1
7127,1
7131,1
7132,1
7140,1
7146,3
7149,3
7154,1
7158,1
7162,1
7174,48
7180,1
7197,53
7212,1
7217,37
7225,1
7230,1
7240,35
7250,1
7256,42
7269,1
7275,1
7276,36
7286,1
7298,1
7303,1
7304,1
7316,1
7332,1
7337,1
7342,1
7355,1
7363,1
7370,1
7382,1
7383,1
7402,1
7413,1
7414,4
7416,1
7417,1
7419,7
7421,1
7422,3
7423,3
7424,4
7429,3
7430,1
7432,4
7435,4
7436,1
7442,1
7446,1
7447,6
7451,3
7453,3
7475,1
7510,2
7512,1
7515,6
7536,2
7538,2
7540,1
7541,1
7542,3
7563,1
7572,2
7574,2
7575,2
7584,1
7601,5
7602,1
7603,3
7604,1
7630,2
7633,2
7642,1
7646,1
7657,5
7658,1
7659,1
7660,4
7667,1
7684,4
7685,1
7688,1
7692,3
7699,2
7705,1
7710,1
7711,1
7728,1
7764,1
7768,1
7784,1
7799,1
7831,1
7836,1
7845,6
7895,1
7913,1
7917,1
7929,1
7945,1
7948,1
7962,1
7965,1
7966,1
8011,4
8012,2
8013,2
8048,1
8065,1
8067,2
8071,4
8098,4
8102,1
8105,2
8109,1
8135,6
8141,1
8142,1
8152,1
8186,5
8196,1
8213,1
8237,1
8287,1
8319,2
8329,1
8331,1
8338,1
8356,1
8369,2
8389,1
8390,1
8412,1
8428,169
8441,1
8448,1
8449,146
8466,1
8468,3
8471,5
8473,2
8475,2
8476,1
8477,2
8479,3
8490,1
8510,1
8514,1
8516,3
8517,3
8556,1
8559,1
8563,1
8576,2
8582,1
8588,2
8593,2
8594,1
8599,1
8603,1
8607,1
8614,1
8617,1
8618,1
8620,1
8622,1
8628,1
8652,1
8677,1
8686,1
8704,2
8717,1
8718,1
8725,1
8727,1
8728,1
8742,1
8750,1
8771,1
8782,1
8785,1
8813,2
8817,2
8818,2
8830,1
8851,35
8864,1
8865,2
8872,40
8882,2
8888,5
8889,1
8891,1
8893,1
8895,45
8908,46
8913,2
8914,2
8915,4
8922,49
8929,4
8930,5
8931,3
8948,36
8949,1
8955,5
8956,6
8957,3
8963,1
8970,1
8979,2
8980,1
8981,4
9000,1
9001,2
9002,2
9009,3
9010,1
9015,2
9037,4
9038,3
9043,1
9045,2
9046,1
9049,1
9067,1
9074,1
9081,1
9093,3
9112,1
9114,2
9122,1
9141,1
9144,1
9145,1
9152,1
9203,1
9209,1
9225,1
9230,3
9244,1
9249,1
9265,3
9271,1
9272,1
9294,2
9296,1
9297,4
9298,2
9299,1
9304,2
9305,2
9307,1
9315,1
9323,1
9334,7
9344,1
9347,1
9363,1
9380,1
9381,1
9387,2
9402,1
9403,1
9404,2
9412,1
9413,3
9415,2
9417,1
9420,1
9425,1
9435,1
9437,2
9438,1
9446,2
9450,1
9453,1
9455,4
9502,1
9508,1
9519,1
9524,1
9529,1
9530,2
9536,1
9548,1
9557,2
9559,1
9574,3
9580,4
9583,1
9584,1
9586,1
9589,4
9590,3
9596,1
9598,1
9616,2
9661,2
9665,1
9686,3
9689,2
9712,1
9718,1
9725,1
9741,1
9743,1
9747,1
9749,1
9759,1
9767,1
9781,4
9782,3
9784,2
9785,1
9788,1
9790,1
9801,1
9802,1
9803,4
9804,2
9805,4
9806,2
9807,1
9825,1
9826,1
9828,1
9829,5
9830,3
9831,3
9832,2
9847,4
9848,770
9850,3
9851,3
9868,1
9888,2
9890,771
9901,2
9902,4
9912,3
9919,1
9926,1
9927,2
9929,1
9930,2
9933,1
9939,1
9951,3
9952,3
9956,3
9964,1
9967,1
9971,2
9973,1
9980,1
10010,2
10028,1
10062,1
10080,1
10122,3
10133,1
10143,1
10151,1
10159,1
10163,2
10164,2
10174,1
10186,2
10188,1
10190,1
10200,1
10222,1
10230,1
10232,1
10239,2
10252,5
10255,4
10256,1
10271,2
10299,1
10303,1
10334,2
10339,2
10352,1
10354,1
10370,1
10395,1
10407,1
10414,2
10416,1
10422,1
10470,1
10474,1
10501,1
10508,4
10513,2
10538,1
10548,1
10551,1
10554,1
10572,1
10581,1
10584,1
10588,1
10589,1
10622,2
10625,2
10626,1
10643,1
10669,1
10671,1
10675,1
10686,2
10692,1
10713,1
10715,6
10721,1
10733,43
10743,1
10749,1
10751,2
10752,1
10766,47
10791,4
10809,60
10815,1
10842,1
10854,35
10863,2
10874,1
10885,1
10898,49
10922,3
10923,1
10932,45
10937,3
10950,2
10952,2
10953,7
10955,2
10957,1
10958,2
10959,2
10960,3
10962,3
10963,1
10964,3
10965,2
10966,3
10967,1
10969,5
10970,1
10971,1
10973,1
10981,8
10989,1
10990,2
11003,4
11004,2
11005,1
11006,2
11008,1
11017,1
11020,1
11039,5
11059,1
11072,4
11074,1
11079,1
11084,1
11095,1
11130,1
11142,1
11150,1
11160,1
11163,1
11197,1
11203,1
11206,1
11215,1
11219,2
11221,5
11246,1
11251,1
11270,1
11284,1
11290,6
11291,1
11292,1
11301,1
11303,1
11310,3
11319,1
11320,1
11321,1
11328,1
11334,1
11337,3
11347,6
11353,1
11367,1
11372,1
11375,4
11377,1
11379,3
11386,1
11388,1
11392,1
11399,1
11407,1
11411,2
11413,3
11415,1
11420,1
11429,1
11445,1
11453,1
11454,2
11455,1
11456,4
11471,1
11505,1
11566,1
11573,1
11586,2
11603,1
11628,1
11632,2
11639,3
11643,2
11647,1
11656,2
11695,1
11706,1
11707,4
11709,1
11715,4
11719,1
11727,1
11733,1
11747,2
11748,1
11762,2
11769,2
11770,1
11778,1
11783,1
11822,1
11828,1
11834,1
11835,1
11863,4
11873,1
11874,1
11891,1
11892,1
11894,2
11899,1
11905,1
11911,1
11917,1
11921,1
11929,1
11937,4
11941,2
11947,1
11950,1
11975,1
11980,4
11986,2
11993,3
11995,1
12001,1
12020,1
12043,1
12045,2
12048,1
12080,1
12085,1
12088,3
12114,1
12134,1
12160,1
12165,1
12174,1
12200,1
12203,1
12224,1
12235,1
12238,2
12260,2
12266,1
12267,2
12268,1
12287,1
12290,1
12291,1
12301,1
12310,5
12333,1
12343,4
12350,1
12356,3
12358,1
12360,1
12371,1
12384,2
12386,1
12394,3
12398,2
12409,1
12419,1
12421,1
12427,1
12435,1
12439,1
12443,1
12457,1
12485,3
12486,1
12487,1
12523,6
12525,4
12526,1
12528,1
12529,1
12530,1
12547,1
12553,1
12554,3
12555,2
12558,2
12559,1
12564,2
12565,3
12566,1
12578,1
12580,3
12581,3
12583,1
12585,1
12586,3
12587,2
12589,5
12592,2
12593,4
12595,168
12596,1
12600,6
12602,175
12606,142
12614,183
12626,2
12627,3
12635,2
12659,2
12660,6
12663,4
12676,1
12726,5
12730,1
12741,3
12745,1
12748,1
12781,2
12792,1
12795,2
12802,1
12804,1
12852,1
12853,2
12856,3
12866,1
12889,1
12890,2
12892,1
12893,1
12895,4
12898,1
12903,1
12904,3
12906,4
12910,2
12934,2
12935,1
12936,4
12939,224
12940,1
12977,2
12983,3
12987,212
13027,4
13033,4
13034,236
13036,2
13063,1
13064,4
13068,1
13072,2
13073,210
13075,1
13084,1
13092,1
13112,232
13115,1
13121,1
13139,2
13145,1
13162,228
13171,5
13181,2
13183,2
13192,1
13196,1
13197,1
13212,1
13213,3
13234,1
13235,1
13236,1
13244,1
13254,1
13256,1
13268,6
13269,1
13275,1
13286,1
13288,1
13292,2
13308,4
13312,1
13336,2
13351,1
13360,2
13362,1
13363,1
13372,1
13379,3
13421,1
13432,4
13434,1
13435,1
13447,1
13457,1
13465,1
13468,1
13484,1
13486,1
13489,2
13497,1
13500,1
13503,2
13504,3
13509,1
13520,1
13524,2
13532,1
13534,1
13539,2
13540,1
13541,3
13542,3
13543,4
13550,2
13555,1
13560,1
13577,3
13578,4
13579,3
13593,1
13595,2
13596,1
13614,2
13616,3
13619,3
13627,1
13640,1
13641,1
13649,1
13651,1
13652,3
13653,3
13654,3
13680,1
13689,2
13695,1
13702,1
13707,1
13722,2
13744,1
13745,1
13746,1
13750,1
13767,3
13773,1
13792,1
13793,1
13813,2
13815,1
13816,1
13817,2
13833,1
13844,2
13845,1
13852,2
13867,1
13868,2
13869,1
13870,1
13872,2
13880,38
13886,44
13889,2
13895,1
13897,1
13906,49
13908,1
13909,2
13913,2
13914,1
13925,1
13929,1
13941,1
13942,1
13944,42
13945,1
13947,1
13956,1
13968,1
13979,4
13982,2
13983,2
13991,2
13997,1
14002,45
14012,1
14017,1
14026,1
14029,2
14031,1
14038,3
14041,1
14051,1
14053,47
14088,1
14090,3
14095,1
14106,3
14110,1
14118,1
14123,1
14134,1
14143,1
14147,1
14153,1
14159,3
14166,1
14170,1
14174,1
14182,2
14199,1
14211,1
14220,1
14223,2
14301,1
14305,1
14307,1
14316,1
14325,1
14331,1
14339,1
14344,2
14348,1
14349,1
14358,3
14369,1
14373,1
14374,1
14384,1
14385,1
14400,2
14402,1
14466,2
14472,1
14473,1
14487,1
14490,1
14501,3
14504,2
14507,2
14512,3
14513,1
14514,1
14519,1
14532,1
14533,1
14541,1
14552,1
14553,1
14558,2
14560,2
14561,1
14565,1
14566,1
14570,5
14584,1
14586,1
14594,1
14596,4
14599,3
14608,1
14609,1
14610,2
14613,1
14624,3
14644,1
14645,1
14646,5
14647,3
14660,5
14662,1
14663,1
14666,1
14674,1
14677,1
14678,1
14680,1
14694,1
14697,1
14707,3
14713,2
14716,1
14720,1
14738,1
14746,1
14755,1
14759,1
14763,1
14794,5
14795,3
14796,3
14801,1
14817,1
14824,2
14827,3
14831,1
14832,2
14834,3
14835,1
14836,1
14848,1
14849,1
14850,1
14861,1
14869,2
14870,1
14871,2
14874,4
14876,2
14878,2
14897,1
14902,1
14904,5
14911,1
14916,1
14921,2
14937,1
14939,1
14943,1
14958,3
14960,1
14962,1
14996,1
15010,1
15015,1
15030,2
15032,1
15036,3
15043,1
15053,1
15065,1
15074,210
15084,1
15091,1
15094,1
15113,3
15117,211
15118,1
15130,1
15132,1
15138,1
15139,1
15143,2
15154,1
15159,1
15160,1
15179,1
15191,2
15192,214
15204,1
15212,1
15265,2
15266,1
15267,4
15268,1
15269,1
15270,1
15272,1
15277,1
15282,1
15287,225
15291,1
15312,1
15316,3
15331,1
15337,230
15339,1
15340,1
15341,1
15352,1
15353,1
15356,1
15357,1
15363,2
15369,2
15381,233
15395,1
15402,1
15405,1
15410,1
15412,249
15419,1
15422,5
15429,1
15440,1
15443,203
15444,1
15445,1
15460,1
15466,1
15478,1
15487,1
15490,1
15493,225
15494,2
15496,1
15515,1
15518,1
15524,1
15532,1
15533,1
15534,4
15540,1
15553,2
15565,1
15568,3
15571,1
15572,1
15587,1
15592,1
15598,1
15620,1
15636,1
15643,2
15659,1
15663,1
15664,2
15668,1
15691,1
15694,2
15700,1
15725,6
15731,1
15768,3
15773,1
15774,1
15784,2
15794,1
15830,2
15832,1
15838,1
15839,1
15857,1
15865,1
15875,3
15883,5
15885,3
15886,3
15889,1
15890,1
15935,2
15937,4
15938,4
15945,1
15954,1
15959,1
15974,1
15983,1
16006,1
16011,1
16021,2
16025,1
16044,2
16061,1
16063,1
16065,1
16067,1
16068,2
16073,5
16101,1
16102,1
16107,5
16120,1
16124,3
16140,2
16147,1
16149,1
16151,1
16160,1
16165,1
16169,1
16174,1
16186,2
16188,1
16189,2
16190,3
16197,1
16208,3
16210,1
16227,2
16228,3
16235,1
16238,1
16244,6
16248,1
16254,3
16255,4
16258,1
16268,1
16270,1
16279,2
16281,4
16282,2
16283,2
16284,1
16285,3
16297,1
16299,2
16303,1
16305,1
16323,3
16324,3
16329,1
16330,1
16334,1
16337,1
16341,1
16342,1
16343,3
16349,1
16353,2
16354,1
16359,5
16361,1
16362,3
16369,3
16375,1
16377,2
16381,1
16382,3
16386,1
16389,2
16390,1
16392,2
16394,1
16397,2
16398,1
16402,1
16406,1
16408,1
16410,3
16412,1
16419,2
16429,2
16432,1
16436,1
16439,1
16440,1
16446,1
16449,1
16451,1
16453,3
16455,1
16456,1
16458,1
16464,3
16470,1
16488,1
16492,2
16493,1
16494,1
16495,2
16504,1
16508,1
16512,1
16517,1
16519,2
16523,1
16524,1
16526,1
16527,2
16531,1
16533,1
16538,1
16539,1
16544,1
16547,4
16548,4
16550,1
16553,5
16560,1
16571,2
16574,1
16576,1
16578,1
16579,3
16584,2
16585,1
16586,2
16587,1
16596,1
16605,1
16610,1
16612,1
16619,1
16621,1
16622,2
16626,5
16628,3
16647,2
16648,1
16660,1
16662,2
16663,1
16670,1
16674,3
16675,1
16677,3
16678,1
16681,1
16685,1
16687,6
16693,1
16709,1
16718,4
16719,2
16720,1
16722,1
16723,1
16739,1
16740,4
16742,1
16759,1
16761,1
16763,1
16765,1
16772,1
16776,1
16780,1
16791,2
16797,5
16801,2
16811,1
16813,1
16826,1
16830,2
16845,3
16847,2
16850,1
16855,1
16857,3
16867,2
16874,2
16881,1
16889,1
16893,1
16902,1
16903,1
16904,1
16907,1
16909,2
16911,2
16920,1
16922,1
16924,1
16925,1
16927,1
16932,5
16936,2
16955,1
16959,1
16960,4
16965,2
16969,3
16974,1
16984,1
16988,1
16990,1
16992,1
16994,2
16997,2
17002,1
17004,1
17006,1
17011,5
17015,2
17031,4
17044,1
17045,1
17049,1
17089,1
17092,1
17093,1
17095,1
17099,1
17112,1
17117,1
17122,1
17131,1
17135,1
17139,1
17198,1
17200,2
17233,1
17235,1
17263,1
17271,1
17277,1
17287,1
17288,2
17290,1
17292,1
17296,1
17303,1
17312,1
17314,1
17321,1
17328,1
17348,1
17352,1
17361,1
17368,1
17369,1
17373,1
17374,2
17375,1
17386,1
17390,1
17391,1
17393,1
17394,1
17397,5
17403,2
17405,1
17409,1
17411,3
17430,4
17435,1
17439,1
17443,1
17447,1
17452,1
17458,2
17463,1
17470,1
17476,1
17478,1
17501,1
17503,2
17509,1
17510,1
17529,1
17531,1
17534,2
17536,1
17538,1
17548,2
17553,1
17559,1
17568,1
17569,1
17571,1
17573,1
17576,1
17586,1
17587,2
17614,2
17618,1
17634,1
17638,1
17639,1
17646,1
17647,1
17648,1
17652,1
17654,1
17658,1
17660,1
17684,1
17687,1
17688,2
17693,1
17694,1
17695,1
17697,4
17704,1
17714,1
17717,2
17718,2
17722,1
17723,1
17725,1
17731,1
17740,1
17744,1
17745,1
17746,1
17757,1
17759,1
17762,2
17779,1
17782,1
17792,1
17794,1
17797,1
17798,1
17809,1
17811,1
17814,4
17817,2
17838,1
17846,1
17847,1
17848,1
17850,1
17853,1
17854,1
17856,1
17862,1
17865,1
17870,4
17875,1
17880,2
17889,1
17890,2
17895,2
17907,1
17911,4
17913,2
17934,2
17947,1
17948,5
17951,4
17963,1
17967,1
17973,2
17975,1
17976,1
17980,1
17982,2
17990,2
17991,1
18002,3
18010,3
18011,1
18013,1
18014,1
18018,1
18029,1
18034,1
18047,1
18054,1
18059,3
18061,1
18062,2
18066,1
18071,4
18072,2
18078,3
18080,1
18081,2
18082,1
18083,2
18085,1
18088,2
18089,1
18097,3
18099,1
18101,1
18102,2
18105,1
18106,1
18109,1
18119,1
18123,6
18124,1
18127,3
18128,1
18129,7
18131,1
18132,1
18138,3
18152,1
18163,2
18169,1
18178,2
18184,2
18190,1
18194,1
18195,2
18197,1
18201,2
18204,36
18206,3
18213,1
18214,32
18215,1
18216,1
18219,1
18220,1
18230,1
18236,1
18238,1
18241,2
18242,1
18243,1
18248,3
18249,4
18250,4
18252,1
18256,1
18266,2
18273,3
18297,1
18302,1
18317,1
18318,1
18324,1
18325,2
18330,34
18335,1
18340,4
18341,33
18342,1
18348,1
18352,2
18364,1
18382,1
18392,1
18396,1
18398,1
18417,3
18426,1
18428,1
18429,1
18430,3
18432,1
18435,1
18439,1
18441,1
18445,3
18452,31
18454,26
18457,1
18462,1
18470,1
18471,1
18483,1
18488,2
18492,2
18501,3
18502,1
18504,1
18505,1
18518,1
18521,1
18525,3
18534,1
18536,34
18537,1
18543,4
18544,27
18552,1
18560,3
18561,1
18566,1
18576,1
18589,2
18592,1
18593,1
18598,1
18601,1
18606,1
18607,1
18611,1
18612,1
18615,1
18617,4
18622,1
18631,1
18632,1
18633,34
18637,1
18638,42
18639,1
18646,1
18648,1
18654,2
18657,1
18664,4
18665,1
18669,1
18672,1
18674,1
18680,1
18681,2
18682,1
18685,1
18688,1
18693,2
18695,2
18698,1
18700,1
18711,3
18715,1
18726,1
18728,34
18731,3
18732,31
18755,1
18759,1
18760,2
18768,5
18773,3
18776,2
18780,1
18784,1
18791,2
18795,1
18798,1
18811,1
18814,1
18816,1
18817,9
18820,1
18822,32
18824,1
18825,39
18829,2
18843,3
18861,1
18865,1
18867,1
18869,1
18872,1
18874,1
18876,1
18884,2
18890,1
18903,1
18919,1
18926,15
18928,2
18929,1
18930,2
18932,21
18934,7
18936,22
18937,1
18939,2
18940,2
18941,10
18946,6
18949,1
18966,1
18970,1
18978,5
18979,2
18990,1
19000,1
19009,2
19011,1
19016,1
19029,4
19031,11
19036,10
19044,14
19046,11
19047,1
19049,4
19051,3
19053,1
19056,26
19061,38
19062,1
19064,1
19072,1
19077,1
19080,2
19088,3
19089,6
19091,1
19093,2
19094,3
19095,1
19099,4
19106,1
19109,1
19110,3
19113,1
19121,2
19125,1095
19127,1120
19128,1106
19130,1
19138,1
19139,1
19147,1
19149,1
19166,3
19169,1
19171,23
19176,2
19181,37
19183,1
19189,1
19191,3
19192,2
19194,1
19198,2
19200,1
19202,6
19205,1
19206,2
19207,2
19210,1
19211,4
19212,1
19216,2
19217,2
19218,1
19219,2
19223,1
19237,1
19239,1
19243,1
19244,1
19258,1
19260,2
19265,1
19267,1
19268,1
19269,1
19270,1
19274,2
19277,11
19279,1
19280,3
19281,15
19282,3
19284,7
19285,1
19287,1
19289,1
19294,1
19297,2
19298,8
19302,1
19303,1
19310,31
19311,27
19318,2
19335,1
19341,1
19344,2
19346,1
19347,1
19350,1
19354,1
19367,3
19382,1
19388,1
19394,1
19400,1
19401,1
19402,1
19407,1
19410,3
19419,1
19422,1
19424,1
19426,2
19427,1
19430,1
19433,1
19435,1
19438,1
19439,1
19440,4
19441,1
19443,2
19445,1
19447,1
19452,1
19458,1
19465,1
19476,1
19478,3
19481,1
19482,3
19483,4
19484,1
19485,1
19486,1
19489,1
19490,1
19506,1
19511,2
19512,1
19513,3
19514,1
19516,1
19520,1
19534,1
19543,1
19544,1
19546,1
19550,24
19551,35
19555,2
19573,2
19575,2
19576,1
19581,3
19600,1
19607,2
19618,3
19622,2
19626,1
19627,6
19629,33
19639,30
19641,1
19649,3
19655,3
19660,1
19664,2
19670,1
19675,8
19678,8
19679,1
19680,14
19685,14
19687,1
19691,1
19701,1
19706,1
19707,3
19711,1
19714,1
19718,2
19723,1
19725,35
19727,1
19728,14
19731,1
19734,1
19737,1
19747,4
19755,1
19759,1
19760,8
19761,7
19763,5
19766,4
19768,3
19774,12
19776,1
19777,2
19782,2
19783,2
19824,3
19826,1
19827,3
19830,2
19831,1
19832,2
19838,1
19853,1
19862,1
19869,2
19870,11
19872,13
19873,4
19877,8
19880,1
19883,1
19884,4
19887,1
19888,1
19889,2
19891,1
19914,1
19921,1
19922,1
19923,1
19930,1
19943,1
19950,1
19951,1
19956,1
19957,1
19964,1
19970,1
19972,1
19977,2
19979,1
19980,3
19988,1
19989,1
19999,1
20013,8
20015,1
20016,1
20025,2
20031,1
20040,2
20051,1
20053,2
20056,1
20059,1
20072,1
20081,1
20083,4
20086,1
20093,2
20096,2
20129,1
20133,1
20140,1
20142,1
20150,1
20152,1
20155,4
20156,1
20160,1
20168,1
20176,1
20183,2
20184,1
20220,3
20221,8
20223,6
20227,1
20232,1
20233,4
20266,1
20269,12
20271,1
20273,18
20278,1
20280,14
20281,8
20283,1
20292,2
20295,1
20296,2
20305,3
20311,1
20316,1
20317,1
20320,1
20331,1
20332,1
20339,1
20348,1
20350,1
20351,1
20355,3
20358,1
20363,19
20365,9
20372,11
20373,12
20377,1
20383,2
20385,1
20388,1
20411,2
20419,1
20423,1
20429,1
20445,1
20446,1
20447,2
20448,3
20457,1
20459,1
20464,1
20473,1
20475,2
20476,1
20489,3
20492,1
20493,13
20494,12
20495,3
20500,2
20501,17
20506,1
20508,2
20509,9
20510,1
20515,3
20520,1
20530,1
20536,1
20540,1
20541,1
20552,2
20556,1
20557,6
20559,1
20564,1
20565,1
20570,2
20572,5
20574,1
20575,3
20577,1
20579,1
20581,1
20597,2
20607,1
20616,1
20618,1
20624,1
20637,1
20646,1
20651,1
20656,1
20662,1
20676,4
20680,2
20681,1
20684,1
20685,3
20686,2
20688,10
20690,9
20692,11
20704,1
20709,11
20712,1
20714,3
20715,1
20726,1
20727,1
20731,4
20735,2
20742,1
20746,1
20749,4
20751,1
20753,1
20763,2
20771,1
20772,1
20787,1
20790,2
20803,1
20812,1
20814,1
20818,1
20825,3
20827,4
20830,2
20835,1
20840,11
20845,1
20848,11
20851,1
20859,5
20861,1
20870,13
20874,1
20875,102
20878,3
20879,1
20890,3
20894,109
20896,1
20925,1
20928,1
20929,98
20930,1
20939,1
20944,1
20945,109
20956,107
20960,1
20969,1
20971,2
20975,1
20976,1
20981,1
20985,1
21004,13
21009,2
21010,6
21011,1
21016,6
21019,3
21028,80
21032,1
21033,18
21034,1
21035,1
21043,122
21045,1
21051,1
21060,4
21061,1
21066,1
21067,2
21069,106
21071,1
21073,1
21086,2
21090,1
21091,3
21092,1
21094,1
21099,1
21100,1
21106,1
21109,115
21115,1
21118,1
21130,1
21137,1
21138,115
21139,5
21140,3
21156,1
21157,5
21164,1
21174,1
21177,10
21190,12
21195,1
21198,12
21199,106
21204,12
21208,1
21211,102
21216,1
21218,1
21226,97
21231,3
21233,4
21242,107
21247,3
21249,1
21255,4
21261,1
21262,2
21268,107
21274,2
21277,4
21280,5
21285,1
21291,2
21294,1
21295,11
21296,1
21298,14
21305,9
21310,1
21314,1
21315,11
21318,11
21322,9
21325,1
21330,1
21335,1
21337,1
21344,14
21347,1
21351,12
21358,1
21373,2
21376,1
21393,1
21394,1
21400,1
21406,1
21409,1
21414,1
21417,1
21435,2
21442,2
21444,1
21447,1
21463,1
21464,2
21465,4
21470,1
21474,1
21476,1
21479,1
21480,4
21484,1
21505,1
21513,3
21528,1
21539,1
21544,2
21546,1
21552,3
21558,1
21569,11
21571,2
21572,6
21575,5
21576,3
21579,11
21584,1
21585,1
21607,1
21610,1
21617,1
21621,1
21624,3
21631,1
21632,1
21642,1
21643,1
21645,1
21649,1
21653,1
21655,2
21656,1
21663,3
21670,8
21675,1
21678,1
21683,1
21686,14
21688,3
21690,11
21695,10
21696,3
21703,1
21707,1
21708,1
21716,1
21718,1
21720,2
21724,1
21730,1
21731,1
21733,1
21752,1
21754,1
21777,1
21793,2
21794,1
21833,2
21847,2
21851,1
21862,4
21863,1
21866,4
21872,1
21884,1
21890,18
21891,1
21893,1
21897,1
21911,2
21915,11
21920,1
21921,4
21924,11
21926,1
21932,1
21933,12
21937,1
21938,1
21954,1
21955,1
21957,1
21959,107
21960,123
21961,103
21963,91
21964,109
21965,126
21966,102
21967,101
21969,100
21970,109
21972,114
21975,94
21979,1
21980,1
21981,88
21983,96
21984,89
21986,1
21991,1
21998,1
22010,3
22019,1
22020,2
22021,1
22025,1
22032,3
22035,1
22037,2
22040,1
22042,2
22043,1
22047,2
22051,1
22056,1
22060,5
22072,1
22075,1
22081,4
22085,1
22091,1
22097,2
22104,1
22106,1
22122,4
22137,1
22141,1
22147,1
22162,6
22164,18
22167,1
22171,1
22175,12
22177,2
22178,13
22193,1
22194,1
22195,1
22199,2
22203,1
22205,1
22213,3
22219,3
22223,3
22230,2
22232,2
22233,1
22245,3
22250,1
22251,1
22255,1
22258,2
22259,2
22261,1
22295,7
22299,2
22301,19
22303,1
22304,14
22305,1
22308,8
22312,13
22327,1
22328,2
22334,1
22348,1
22353,1
22362,1
22367,2
22368,1
22378,2
22379,3
22382,3
22390,1
22402,2
22408,3
22412,1
22420,1
22423,3
22428,1
22432,2
22436,1
22446,3
22450,1
22454,1
22457,3
22459,1
22476,1
22480,2
22513,1
22514,1
22520,1
22522,1
22523,1
22557,1
22558,1
22560,1
22570,1
22573,1
22576,1
22577,3
22579,2
22584,2
22585,5
22587,2
22591,1
22603,2
22624,1
22628,4
22629,1
22643,3
22655,1
22660,1
22661,1
22666,2
22677,3
22688,1
22692,1
22693,2
22700,1
22703,1
22705,1
22706,2
22707,1
22708,2
22712,1
22713,1
22720,1
22723,9
22724,1
22730,12
22735,1
22736,10
22737,5
22738,2
22740,1
22746,1
22747,1
22755,1
22764,1
22767,1
22775,2
22781,1
22786,1
22794,1
22799,1
22803,1
22804,2
22806,1
22807,1
22808,2
22817,1
22820,2
22825,1
22828,2
22833,3
22839,1
22844,1
22845,1
22849,1
22850,1
22863,1
22865,1
22866,2
22873,1
22881,1
22886,1
22891,2
22901,2
22905,1
22906,3
22909,13
22912,10
22915,1
22917,6
22920,6
22922,8
22926,1
22929,1
22942,1
22945,1
22957,1
22960,4
22989,3
23014,1
23049,4
23051,3
23052,1
23055,1
23056,1
23066,1
23067,1
23072,1
23073,1
23079,1
23081,2
23082,1
23091,1
23092,1
23096,21
23101,7
23112,8
23114,15
23119,1
23120,1
23122,1
23136,1
23142,2
23153,2
23157,2
23168,1
23169,1
23178,1
23190,6
23200,1
23206,1
23207,1
23210,5
23215,2
23217,2
23218,2
23220,2
23223,1
23226,1
23227,1
23228,2
23235,2
23237,3
23238,5
23243,3
23245,2
23247,1
23248,2
23253,1
23254,1
23260,1
23261,10
23265,2
23266,1
23267,1
23269,9
23270,12
23273,10
23275,1
23277,1
23280,3
23283,1
23307,1
23313,1
23316,1
23319,1
23327,4
23346,1
23347,1
23356,1
23361,2
23363,2
23369,295
23373,1
23374,2
23377,1
23379,2
23380,2
23381,3
23383,2
23385,1
23388,3
23389,3
23392,1
23394,1
23396,1
23413,1
23416,1
23422,1
23437,2
23440,1
23444,278
23448,3
23450,4
23458,1
23459,3
23460,3
23461,4
23462,2
23464,1
23468,1
23469,2
23476,2
23477,1
23478,1
23480,2
23485,6
23486,3
23489,1
23491,3
23493,2
23494,2
23496,3
23499,4
23500,1
23501,3
23508,5
23511,1
23513,1
23516,258
23517,2
23519,1
23524,2
23530,1
23531,1
23537,323
23539,2
23544,271
23545,1
23547,4
23548,1
23549,1
23553,5
23557,3
23558,1
23562,311
23564,3
23566,6
23569,2
23571,1
23575,295
23582,1
23586,4
23589,1
23601,1
23620,1
23622,2
23628,123
23629,1
23651,1
23662,2
23666,1
23667,1
23679,1
23682,1
23685,3
23687,139
23688,1
23692,29
23693,1
23700,1
23701,1
23705,1
23708,1
23714,1
23718,30
23719,103
23735,1
23747,4
23753,3424
23764,2
23765,104
23768,101
23769,1
23770,117
23771,1
23778,1
23783,1
23785,1
23787,1
23789,1
23791,1
23795,1
23796,1
23805,1
23807,1
23810,1
23812,3
23832,1
23849,19
23856,1
23857,2
23865,8
23871,7
23875,13
23879,109
23880,153
23881,1
23892,121
23893,24
23899,45
23905,1
23911,107
23912,1
23914,1
23929,1
23930,3
23945,1
23953,261
23957,1
23959,1
23961,1
23963,102
23964,100
23969,1
23971,101
23974,1
23979,3
23981,1
23987,12
23996,1
23998,9
24001,8
24004,7
24006,88
24007,1
24019,2
24022,1615
24024,93
24025,1
24035,1676
24044,95
24069,1
24073,97
24074,25
24075,1
24076,130
24079,90
24085,37
24104,1
24107,94
24111,1
24114,1
24125,1
24129,1
24131,287
24134,1
24137,104
24139,1
24140,5
24141,1
24144,101
24145,112
24146,1
24147,1
24152,1
24155,13
24164,8
24165,1
24176,1
24181,1
24187,79
24192,13
24194,7
24196,1
24204,1
24205,1
24223,3
24230,1
24231,83
24249,1
24254,2
24260,1
24271,1
24277,1
24281,95
24308,1
24309,2
24311,3
24312,1
24316,31
24319,28
24322,92
24323,2
24324,1
24328,149
24334,122
24336,2
24339,1
24352,1
24359,66
24371,296
24374,1
24377,109
24378,91
24383,1
24384,96
24388,2
24389,1
24393,9
24396,7
24403,1
24413,9
24417,1
24426,10
24434,2
24438,2
24442,1
24444,2
24445,1
24447,1
24459,2
24461,1
24468,1
24472,2
24473,1
24478,1
24484,1
24485,5
24486,33
24488,2
24489,149
24497,36
24504,100
24511,1
24516,1
24518,1
24540,1
24541,3334
24544,257
24546,1
24549,1
24552,95
24555,123
24557,1
24558,1
24563,109
24565,1
24571,12
24579,1
24581,11
24589,2
24592,1
24595,1
24596,9
24598,14
24600,1
24602,1
24608,1
24609,2
24611,1
24614,5
24618,4
24621,1
24625,2
24637,1
24643,2
24647,1
24661,1
24666,1
24676,1
24678,1
24683,1
24690,1
24694,118
24696,37
24697,122
24699,26
24706,5
24727,2
24728,1
24730,298
24736,3
24737,3
24746,1
24751,1
24764,1
24767,1
24768,15
24769,15
24772,12
24776,12
24779,1
24781,1
24790,1
24799,1
24800,1
24804,1
24806,2
24808,1
24811,1
24814,1
24815,1
24817,1
24823,1
24829,37
24833,125
24834,161
24838,32
24873,1
24881,1
24886,1
24898,1
24904,3
24911,1
24912,1
24917,4
24930,1
24939,1
24942,1
24953,1
24954,1
24967,1
24968,1
24970,10
24974,8
24980,1
24982,14
24988,1
24990,1
24993,91
24999,3
25003,10
25010,1
25026,160
25027,98
25040,1
25041,22
25042,98
25043,1
25044,9
25046,12
25051,3
25060,1
25064,11
25066,1
25070,1
25075,34
25081,94
25084,142
25086,44
25088,1
25091,4
25093,143
25094,1
25097,1
25100,1
25102,2
25104,1
25105,1
25110,4
25115,1
25127,1
25133,118
25138,1
25142,93
25143,1
25144,2
25145,1
25151,2
25153,124
25154,1
25156,4
25157,121
25158,1
25159,139
25161,2
25162,109
25165,1
25169,50
25170,1
25173,1
25174,2
25176,5
25180,1
25192,1
25198,1
25199,1
25202,3
25208,1
25209,2
25211,1
25213,4
25214,4
25216,1
25224,7
25225,16
25243,82
25248,10
25250,3
25251,9
25252,1
25255,1
25256,2
25258,1
25261,3
25270,1
25278,2
25286,97
25291,4
25293,1
25297,3
25298,6
25299,1
25306,3
25309,1
25318,1
25319,1
25329,1
25334,106
25342,1
25349,105
25350,42
25355,1
25357,94
25360,1
25363,3
25367,144
25373,1
25376,1
25377,1
25380,35
25382,1
25383,3
25386,1
25388,1
25392,1
25394,1
25396,118
25397,1
25398,115
25399,2
25402,1
25405,1
25413,3
25415,1
25420,76
25428,1
25431,125
25432,135
25433,137
25435,1
25437,144
25442,1
25445,2
25447,1
25450,1
25452,39
25456,2
25457,2
25461,1
25463,1
25464,1
25468,3
25470,1
25472,1
25475,1
25477,1
25480,1
25482,150
25494,1
25495,2
25499,5
25508,1
25511,1
25512,5
25516,1
25517,87
25529,1
25532,2
25539,1
25542,6
25544,19
25546,3
25551,2
25558,132
25562,3
25569,1
25571,2
25574,1
25581,1
25582,1
25583,1
25585,79
25593,1
25598,1
25600,96
25609,1
25612,1
25643,32
25644,1
25648,1
25650,132
25651,1
25652,1
25654,21
25660,1
25665,1
25666,105
25668,136
25669,1
25670,2
25672,119
25675,1
25681,107
25688,1
25690,1
25694,140
25700,1
25702,1
25712,122
25718,1
25719,94
25727,4
25729,133
25731,5
25734,7
25736,1
25739,1
25740,1
25753,1
25754,2
25759,1
25760,1
25762,2
25764,1
25765,1
25766,1
25767,1
25773,1
25781,2
25783,1
25784,1
25788,2
25792,56
25795,1
25802,1
25806,1
25808,15
25809,3
25812,1
25814,1
25815,1
25818,3
25819,10
25824,2
25830,2
25831,7
25832,1
25834,1
25836,1
25838,88
25840,1
25842,1
25850,1
25855,3
25863,1
25866,12
25870,2
25873,119
25888,6
25897,1
25903,1
25904,1
25905,1
25910,2
25914,1
25917,1
25919,92
25926,5
25929,1
25931,1
25936,1
25943,1
25947,1
25951,1
25952,93
25961,1
25963,1
25967,1
25977,1
25983,1
25986,34
25994,27
25995,1
25997,1
25999,1
26001,84
26002,2
26007,1
26011,2
26014,1
26016,1
26019,7
26020,1
26021,1
26023,1
26024,1
26028,1
26029,113
26037,142
26039,1
26040,1
26051,2
26055,2
26056,1
26057,1
26062,135
26066,83
26068,2
26076,4
26077,1
26078,1
26095,1
26099,1
26100,100
26103,120
26104,2
26105,1
26113,3
26114,2
26117,2
26122,1
26123,1
26124,1
26126,2
26129,1
26133,2
26137,1
26138,1
26139,119
26141,39
26143,1
26146,135
26148,1
26151,2
26155,1
26158,132
26161,2
26163,1
26165,1
26168,4
26170,1
26173,121
26174,1
26177,1
26184,1
26186,1
26187,10
26191,1
26197,1
26201,1
26209,109
26215,1
26220,1
26224,14
26226,1
26229,2
26238,1
26242,2
26245,2
26246,75
26247,11
26248,2
26251,1
26256,13
26263,1
26272,1
26277,1
26279,3
26281,1
26284,1
26287,88
26289,1
26290,1
26310,89
26315,4
26319,1
26321,1
26333,1
26337,1
26347,94
