content_id,likes
2,10
3,8
4,6
5,13
6,6
7,2
8,1
9,8
10,4
11,3
12,4
13,2
14,2
15,2
16,4
17,5
18,6
19,5
20,4
21,9
22,7
23,10
24,5
25,4
26,3
27,3
28,7
29,2
30,5
31,11
32,10
33,5
34,4
35,3
36,3
37,10
38,4
39,6
40,7
41,5
42,2
43,1
44,7
45,11
46,3
47,9
48,5
49,12
50,9
51,7
52,4
53,8
54,1
55,7
56,5
57,2
58,9
59,9
60,2
61,2
62,1
63,2
64,10
65,3
66,7
68,1
69,1
72,1
73,2
74,1
75,8
76,4
77,3
79,1
81,2
82,4
83,3
85,1
86,12
88,1
91,9
92,2
98,1
99,2
105,1
109,1
114,1
115,3
116,1
119,1
120,1
121,3
124,1
125,1
128,1
129,1
130,1
131,1
132,1
133,2
134,2
135,4
138,5
139,8
141,2
142,1
143,1
144,6
145,2
146,1
147,1
148,6
150,4
152,5
155,1
156,1
157,2
158,1
161,1
163,6
164,3
166,1
168,1
170,1
171,2
173,3
174,2
175,7
181,2
182,2
183,6
184,5
185,2
189,1
193,1
194,2
197,1
198,2
200,1
201,2
202,5
203,3
204,2
205,4
206,3
208,4
209,1
211,7
212,6
213,1
214,2
215,2
216,1
217,9
218,12
219,2
224,2
225,4
226,5
227,5
232,2
233,2
234,3
236,2
237,3
238,5
243,2
244,1
245,3
246,6
247,2
250,1
251,2
252,4
253,4
254,1
255,1
256,1
257,3
258,4
261,5
263,1
264,6
269,8
270,5
273,8
274,1
275,2
276,2
278,3
279,2
280,2
281,1
285,3
286,7
287,5
288,1
290,2
292,2
293,4
294,3
295,7
300,1
306,3
307,4
308,1
310,1
313,1
314,2
315,1
316,2
319,6
320,1
323,2
324,5
325,1
326,6
327,2
328,1
330,1
333,2
334,7
335,1
336,2
340,1
341,5
342,5
346,4
347,3
350,1
356,4
357,2
367,1
372,1
374,7
393,1
397,1
400,1
406,2
407,2
408,1
410,1
412,4
413,1
421,1
422,4
423,7
424,4
427,2
428,3
429,1
433,8
434,3
435,10
438,1
439,5
441,4
442,1
445,1
446,2
447,1
448,1
450,7
462,8
463,6
464,1
465,2
467,1
468,2
473,1
479,1
480,1
481,2
482,1
484,1
487,1
489,1
490,1
491,1
493,1
495,1
496,5
497,2
498,2
499,1
500,5
501,2
505,1
506,6
507,2
508,4
509,3
510,4
511,2
514,6
529,4
531,2
533,1
534,3
535,2
539,1
541,9
542,1
543,5
544,3
545,2
549,1
551,4
552,8
556,2
565,3
566,6
567,1
568,8
569,2
570,3
571,2
572,1
573,2
574,10
575,9
576,1
580,1
582,4
583,2
586,1
587,1
589,1
592,2
594,3
601,6
602,21
604,1
605,1
610,1
613,1
618,1
635,1
636,1
638,1
641,2
642,2
643,3
653,1
656,1
665,3
667,1
668,2
669,3
670,1
674,1
682,1
683,1
685,1
689,1
692,1
693,4
694,4
698,3
699,11
701,1
704,2
706,3
712,1
718,1
719,5
720,1
721,1
722,3
723,3
724,1
725,1
732,1
737,5
738,1
739,1
741,1
742,2
746,1
747,4
751,4
752,4
753,3
754,1
756,7
759,2
760,1
768,1
772,3
773,2
774,3
778,11
779,2
782,1
792,7
794,1
800,1
802,2
805,1
807,1
809,3
811,1
814,2
816,1
818,6
819,3
820,3
821,1
822,1
823,4
824,5
825,4
826,1
827,1
828,1
829,1
830,1
838,1
846,1
850,1
861,2
862,5
864,1
865,1
866,1
867,4
868,1
869,2
873,1
875,2
876,2
877,1
878,1
880,2
882,3
884,5
885,2
886,1
887,3
888,3
890,2
891,2
892,3
893,2
894,3
895,1
900,1
901,1
902,1
906,1
907,2
909,4
910,3
911,5
914,2
915,3
916,4
917,8
919,1
921,5
922,2
923,3
924,4
925,2
926,1
932,1
939,1
941,1
942,3
943,1
944,1
946,1
947,2
948,1
950,4
951,2
952,1
953,2
954,3
957,1
959,1
961,1
966,1
973,2
974,1
978,1
986,1
987,2
992,2
993,3
994,3
998,2
1012,6
1013,2
1014,2
1015,5
1016,1
1017,3
1022,1
1047,7
1053,1
1055,1
1063,7
1064,5
1071,1
1101,2
1102,2
1103,1
1104,2
1109,3
1116,1
1121,1
1125,1
1127,1
1130,1
1147,1
1208,1
1228,1
1235,1
1236,2
1237,1
1243,1
1244,1
1247,2
1249,3
1251,1
1259,3
1260,1
1264,2
1265,1
1266,1
1267,1
1268,1
1270,1
1271,2
1274,2
1276,1
1278,2
1286,1
1290,1
1299,13
1304,1
1310,1
1314,7
1315,12
1321,1
1322,1
1324,2
1327,2
1330,1
1331,2
1334,7
1336,1
1337,5
1342,1
1344,5
1345,1
1347,1
1348,1
1354,3
1355,3
1356,1
1358,2
1359,4
1378,1
1380,1
1403,1
1406,1
1407,2
1408,2
1409,5
1416,1
1419,1
1435,1
1441,3
1453,1
1458,1
1467,5
1468,3
1469,4
1470,1
1471,3
1485,1
1487,1
1499,1
1500,1
1510,6
1516,1
1517,3
1522,7
1529,2
1530,7
1538,3
1539,1
1540,1
1547,3
1549,3
1550,5
1558,2
1562,1
1565,1
1567,1
1579,1
1585,6
1586,1
1587,6
1588,2
1590,1
1594,1
1597,1
1602,1
1609,2
1610,1
1613,3
1615,3
1616,1
1618,1
1623,1
1625,1
1627,1
1628,1
1630,1
1657,1
1667,2
1669,4
1678,1
1682,2
1683,3
1684,5
1687,2
1690,2
1693,1
1694,4
1695,2
1701,1
1703,4
1704,5
1707,1
1708,1
1709,1
1710,1
1711,1
1714,2
1715,1
1748,2
1750,1
1751,1
1753,1
1754,2
1756,1
1762,1
1768,2
1776,2
1777,1
1778,1
1786,1
1794,1
1802,1
1810,1
1814,1
1817,1
1820,6
1830,1
1832,1
1843,1
1845,1
1849,1
1869,1
1871,1
1881,1
1882,6
1883,1
1887,1
1892,8
1893,1
1894,2
1895,1
1896,1
1897,2
1898,2
1899,2
1900,3
1910,4
1915,1
1920,3
1922,3
1924,3
1925,1
1927,1
1944,1
1953,1
1954,158
1955,149
1956,140
1961,121
1962,133
1963,154
1968,142
1969,144
1970,119
1975,129
1976,131
1977,139
1982,123
1983,154
1984,129
1987,134
1988,146
1989,139
1992,122
1993,153
1994,128
1997,143
1998,139
1999,172
2004,126
2005,160
2006,165
2011,5
2014,4
2015,2
2016,1
2017,3
2019,1
2020,1
2022,2
2023,2
2024,2
2026,1
2029,2
2032,1
2034,1
2040,1
2047,6
2048,1
2063,1
2077,1
2078,1
2081,1
2082,1
2089,1
2117,1
2128,3
2129,6
2130,6
2132,1
2136,7
2137,12
2139,3
2145,3
2146,4
2147,8
2156,2
2158,8
2159,6
2160,1
2161,1
2162,5
2163,7
2164,5
2170,1
2171,8
2172,2
2173,4
2175,1
2178,9
2179,6
2180,2
2185,8
2186,8
2187,9
2192,3
2193,5
2194,7
2199,6
2200,6
2201,7
2202,4
2203,1
2204,1
2209,1
2215,1
2234,1
2237,1
2256,5
2261,1
2262,7
2263,6
2264,5
2266,1
2270,5
2271,6
2272,1
2273,1
2276,1
2278,3
2279,7
2280,5
2283,1
2287,1
2294,3
2297,5
2298,7
2299,10
2302,1
2305,9
2306,6
2307,3
2308,1
2311,7
2313,7
2314,7
2315,6
2318,3
2319,2
2320,6
2322,2
2323,5
2324,6
2326,6
2327,2
2328,2
2330,9
2331,4
2332,4
2333,1
2343,1
2345,1
2349,1
2365,5
2366,5
2368,6
2375,12
2376,4
2377,5
2378,1
2379,4
2380,3
2385,4
2386,9
2387,5
2390,5
2391,5
2392,9
2393,5
2394,6
2395,5
2398,5
2399,6
2400,5
2401,6
2402,5
2403,3
2405,10
2406,5
2407,8
2409,1
2415,1
2417,2
2418,6
2419,2
2420,5
2421,8
2422,2
2427,2
2428,7
2431,7
2432,4
2433,4
2434,1
2435,1
2436,1
2437,1
2440,1
2446,1
2455,3
2456,2
2457,5
2460,1
2466,1
2467,1
2471,2
2476,1
2480,1
2489,1
2490,1
2500,1
2504,1
2505,2
2508,1
2521,1
2526,1
2527,6
2528,6
2529,3
2535,7
2536,4
2537,7
2542,1
2547,3
2548,6
2550,4
2557,1
2558,6
2560,7
2561,3
2567,5
2568,2
2569,4
2570,4
2573,1
2579,2
2581,2
2582,6
2584,1
2593,1
2598,9
2599,4
2601,4
2603,3
2604,3
2605,5
2608,5
2610,5
2611,5
2612,1
2613,4
2614,6
2615,1
2616,9
2620,4
2621,1
2628,1
2632,1
2636,1
2637,3
2639,6
2640,6
2641,5
2643,1
2644,2
2647,3
2648,9
2649,2
2650,1
2653,2
2655,5
2656,10
2657,4
2661,6
2662,3
2663,2
2667,3
2668,3
2669,2
2670,1
2674,7
2675,4
2676,6
2677,5
2678,2
2679,4
2681,2
2682,5
2683,5
2690,2
2691,11
2692,5
2694,8
2699,1
2705,1
2709,1
2710,1
2717,5
2718,1
2726,1
2733,2
2734,1
2739,9
2773,2
2778,4
2779,3
2780,9
2783,3
2784,3
2785,10
2791,7
2792,3
2793,2
2797,2
2798,6
2799,4
2801,4
2802,7
2803,9
2804,3
2807,6
2808,6
2809,6
2810,1
2811,4
2812,4
2813,5
2814,2
2815,5
2816,6
2817,2
2818,1
2821,1
2824,5
2825,6
2826,6
2831,1
2832,1
2835,8
2836,4
2837,6
2846,10
2847,5
2848,1
2853,1
2878,9
2879,3
2885,1
2890,2
2901,1
2903,1
2905,1
2912,1
2913,2
2914,9
2915,1
2916,2
2917,3
2920,1
2921,4
2922,4
2923,5
2926,1
2927,2
2928,7
2929,4
2931,1
2937,8
2938,4
2939,10
2947,11
2948,3
2949,8
2960,4
2961,2
2962,12
2965,1
2966,1
2968,5
2970,1
2972,5
2973,7
2974,6
2975,1
2990,2
2991,1
3016,1
3017,1
3044,3
3045,4
3046,8
3049,8
3050,3
3051,7
3055,8
3056,3
3059,1
3060,3
3061,9
3062,4
3067,6
3069,5
3070,5
3090,1
3096,1
3097,1
3100,2
3102,6
3104,5
3108,1
3110,6
3111,3
3113,5
3117,1
3119,3
3120,6
3122,3
3128,1
3132,1
3134,1
3140,1
3141,3
3142,2
3144,1
3145,2
3147,1
3148,3
3150,1
3151,1
3155,1
3179,1
3188,1
3189,1
3194,1
3198,1
3201,1
3202,4
3213,1
3224,1
3252,3
3253,10
3254,5
3263,8
3273,6
3275,3
3276,7
3278,1
3280,3
3282,6
3283,2
3285,6
3289,9
3290,6
3297,5
3298,3
3299,5
3306,6
3308,6
3309,3
3311,1
3312,12
3313,4
3314,7
3336,2
3338,1
3340,1
3344,1
3370,3
3372,2
3377,1
3388,1
3393,1
3401,1
3420,5
3421,3
3424,3
3425,1
3427,3
3432,1
3435,1
3436,1
3440,1
3471,1
3481,3
3493,2
3494,6
3495,2
3503,6
3504,4
3505,2
3514,9
3515,2
3516,5
3519,5
3520,2
3522,3
3523,4
3525,2
3528,3
3530,6
3531,9
3540,2
3542,7
3543,3
3548,4
3549,8
3551,4
3554,1
3556,5
3558,6
3559,5
3564,8
3565,7
3566,3
3575,7
3576,5
3577,6
3586,7
3593,1
3597,1
3601,6
3605,5
3654,1
3655,1
3656,1
3659,1
3661,2
3668,1
3670,2
3671,1
3678,1
3679,1
3681,1
3684,1
3690,2
3692,1
3694,1
3695,1
3703,1
3707,1
3709,1
3721,1
3729,1
3740,2
3766,1
3772,1
3773,1
3775,1
3812,4
3813,5
3814,4
3817,5
3818,7
3819,4
3823,9
3824,4
3825,10
3826,11
3827,2
3828,11
3829,3
3830,2
3831,5
3832,3
3833,4
3834,14
3835,2
3836,5
3837,1
3839,2
3841,2
3845,1
3874,1
3877,1
3884,1
3885,5
3886,4
3887,7
3888,1
3895,3
3896,6
3897,7
3898,1
3899,1
3900,1
3906,9
3907,7
3908,3
3910,1
3917,7
3918,8
3919,3
3921,1
3930,7
3932,5
3936,1
3945,10
3948,6
3949,4
3950,1
3952,1
3957,1
3958,5
3959,3
3968,4
3973,1
3975,2
3976,5
3977,15
3988,1
3994,1
3998,5
3999,1
4007,1
4023,2
4040,1
4067,1
4069,2
4072,1
4081,2
4089,1
4101,5
4111,1
4138,1
4139,1
4140,2
4141,1
4142,1
4143,1
4147,1
4148,2
4151,1
4156,1
4160,2
4164,6
4165,6
4166,3
4170,6
4171,2
4172,9
4176,6
4177,2
4178,6
4187,4
4188,6
4189,6
4194,8
4195,6
4196,9
4201,4
4202,6
4203,8
4204,3
4206,1
4207,2
4208,5
4209,6
4210,7
4213,1
4214,1
4220,1
4222,1
4225,1
4227,1
4228,2
4235,1
4239,1
4247,1
4253,1
4260,1
4261,1
4265,2
4266,1
4268,1
4270,1
4272,1
4276,1
4286,2
4289,1
4290,1
4294,1
4296,1
4303,1
4306,1
4307,1
4309,1
4312,1
4315,1
4319,1
4323,6
4324,6
4325,7
4327,1
4334,1
4343,6
4344,6
4345,4
4353,1
4367,1
4368,6
4369,6
4380,2
4389,1
4392,1
4394,1
4398,1
4405,2
4412,4
4413,3
4414,3
4419,2
4422,1
4429,1
4433,3
4437,1
4439,1
4441,1
4457,2
4461,5
4462,7
4463,4
4479,1
4483,1
4488,10
4489,3
4490,7
4502,15
4509,1
4512,1
4517,4
4527,7
4528,2
4529,9
4536,1
4539,1
4546,1
4570,1
4584,1
4585,1
4590,1
4592,2
4593,1
4594,1
4607,1
4610,1
4615,1
4616,1
4624,3
4631,3
4632,5
4641,1
4643,4
4657,1
4658,5
4663,2
4664,1
4665,4
4671,437
4672,2
4673,2
4674,1
4675,1
4678,416
4679,1
4684,432
4693,401
4703,409
4710,397
4721,5
4722,3
4723,5
4725,6
4726,4
4727,6
4733,7
4734,5
4735,8
4737,2
4738,2
4739,1
4746,5
4747,5
4748,3
4754,4
4756,5
4757,4
4763,4
4765,7
4766,4
4767,1
4768,2
4769,1
4775,1
4782,1
4801,2
4806,7
4811,3
4815,1
4816,1
4830,1
4847,2
4848,1
4849,7
4855,1
4879,1
4902,2
4915,1
4917,1
4931,1
4955,1
4957,2
4958,4
4959,6
4964,2
4965,7
4966,4
4971,6
4978,1
4982,1
4989,1
4991,1
4995,1
4999,1
5002,2
5022,6
5023,7
5026,5
5036,5
5037,6
5038,7
5048,8
5049,2
5050,1
5051,1
5052,5
5059,1
5063,5
5064,3
5065,3
5075,1
5076,5
5077,11
5083,1
5088,6
5089,3
5090,8
5114,1
5135,1
5147,1
5159,1
5173,1
5190,4
5191,5
5195,2
5196,1
5197,5
5219,1
5222,419
5226,420
5229,7
5230,5
5231,5
5233,425
5237,5
5238,6
5239,13
5240,417
5245,2
5246,8
5247,6
5250,1
5254,8
5255,9
5256,6
5258,6
5259,3
5261,1
5267,3
5268,6
5269,8
5272,2
5276,3
5277,7
5278,9
5315,2
5322,1
5334,1
5338,1
5340,3
5341,5
5343,2
5348,1
5350,2
5359,1
5366,11
5373,2
5381,1
5382,2
5383,1
5391,1
5393,2
5397,2
5402,1
5406,1
5408,1
5419,1
5423,1
5432,1
5442,1
5443,1
5452,1
5453,7
5454,7
5455,9
5458,1
5462,2
5466,1
5467,3
5470,1
5471,1
5475,1
5476,1
5484,6
5490,1
5492,1
5497,2
5518,1
5519,10
5520,4
5521,4
5524,1
5529,1
5532,4
5534,6
5535,4
5536,1
5537,1
5539,4
5546,9
5547,3
5548,5
5549,1
5554,1
5556,6
5557,9
5558,9
5562,1
5567,7
5568,9
5569,1
5571,1
5572,1
5576,1
5577,3
5578,7
5579,7
5580,1
5581,3
5584,1
5588,9
5589,4
5590,8
5595,3
5600,1
5601,1
5605,9
5625,1
5627,1
5633,1
5654,1
5668,1
5671,1
5672,1
5674,1
5687,1
5690,1
5693,1
5695,1
5703,1
5715,1
5721,2
5725,1
5754,1
5759,1
5760,1
5776,1
5782,1
5791,1
5802,1
5821,1
5823,1
5830,1
5848,1
5850,3
5851,1
5859,1
5860,2
5861,1
5864,2
5868,1
5879,1
5885,5
5894,2
5903,1
5909,1
5917,1
5918,2
5920,3
5921,2
5922,1
5923,1
5929,1
5935,1
5936,1
5937,1
5942,1
5945,2
5950,1
5957,2
5966,1
5970,1
5974,1
5976,2
5977,3
5978,1
5986,1
5987,1
5995,1
6003,1
6013,1
6023,5
6024,1
6026,1
6029,1
6031,1
6033,5
6034,1
6037,3
6038,9
6042,280
6043,267
6054,1
6056,1
6058,291
6059,275
6077,293
6078,285
6096,1
6100,5
6101,295
6102,272
6112,1
6115,3
6116,5
6120,7
6121,1
6129,275
6130,289
6143,5
6144,8
6145,2
6146,10
6147,1
6154,300
6155,262
6158,5
6165,1
6170,5
6172,3
6175,7
6176,2
6178,1
6182,2
6186,1
6187,2
6195,10
6196,5
6197,2
6198,1
6200,1
6201,5
6205,2
6207,1
6218,5
6219,8
6220,8
6221,1
6222,1
6224,1
6226,1
6229,2
6232,2
6245,10
6246,5
6248,5
6251,1
6256,2
6266,10
6267,3
6269,2
6284,1
6286,1
6289,5
6291,1
6301,1
6310,270
6312,286
6313,1
6316,9
6318,1
6321,5
6322,4
6326,1
6327,1
6333,1
6337,1
6347,1
6377,1
6378,2
6379,1
6383,1
6391,2
6392,3
6395,3
6399,3
6403,3
6407,2
6409,2
6410,4
6411,1
6415,1
6418,6
6419,10
6420,5
6422,410
6426,4
6427,10
6428,7
6430,374
6431,12
6432,6
6433,3
6434,410
6436,7
6437,6
6438,7
6440,457
6441,5
6442,8
6443,4
6444,4
6445,3
6446,3
6447,6
6448,1
6449,4
6455,1
6458,129
6462,1
6463,113
6471,110
6474,1
6482,1
6484,110
6489,1
6495,1
6498,118
6499,1
6509,1
6511,96
6522,1
6525,1
6529,1
6558,1
6564,1
6565,1
6572,1
6576,1
6585,1
6587,6
6597,1
6600,2
6609,1
6613,1
6627,1
6633,2
6640,1
6645,1
6652,1
6653,2
6659,1
6662,1
6663,10
6665,1
6670,13
6671,6
6674,1
6681,1
6683,1
6686,6
6694,6
6700,1
6701,1
6703,2
6706,1
6708,1
6716,2
6717,1
6724,1
6729,1
6745,2
6760,1
6761,5
6762,5
6764,4
6765,4
6768,2
6774,1
6780,1
6782,1
6785,1
6786,7
6787,7
6788,9
6805,6
6806,3
6808,5
6812,1
6821,2
6828,5
6829,1
6836,5
6837,5
6838,2
6846,1
6851,1
6859,2
6866,2
6870,8
6871,7
6873,7
6877,4
6882,2
6901,8
6902,4
6904,3
6912,1
6913,1
6918,2
6920,1
6929,1
6930,1
6931,1
6940,2
6941,4
6942,3
6955,1
6958,1
6965,1
6968,2
6980,3
6981,1
6985,1
6989,3
6993,3
6994,4
6995,1
7011,1
7012,4
7019,1
7025,1
7028,1
7031,1
7037,1
7043,2
7044,1
7045,1
7047,2
7059,4
7064,1
7079,2
7082,2
7087,2
7095,1
7097,1
7108,3
7109,2
7113,1
7116,1
7122,5
7127,4
7130,2
7131,3
7132,5
7142,1
7149,1
7153,3
7154,1
7157,1
7158,1
7163,1
7167,1
7174,99
7177,1
7180,4
7182,1
7183,1
7187,1
7197,112
7198,2
7202,1
7203,2
7206,2
7210,1
7212,1
7217,114
7219,1
7220,3
7225,1
7230,2
7236,1
7240,117
7241,2
7249,2
7250,1
7255,1
7256,101
7261,1
7265,1
7269,1
7275,1
7276,108
7277,1
7278,1
7293,1
7298,1
7300,1
7309,1
7310,2
7316,4
7318,2
7327,1
7332,1
7333,1
7336,1
7339,1
7343,1
7354,1
7360,1
7363,2
7369,1
7371,1
7374,1
7381,1
7382,1
7383,1
7395,1
7401,2
7404,1
7409,1
7414,8
7419,5
7421,5
7422,5
7423,5
7424,4
7428,1
7429,5
7430,1
7431,3
7432,4
7434,2
7435,12
7436,2
7441,3
7447,7
7451,6
7453,8
7454,1
7458,1
7464,1
7466,1
7470,1
7480,1
7481,1
7491,1
7495,3
7499,1
7508,1
7510,5
7512,2
7513,2
7515,8
7524,1
7526,1
7536,4
7537,1
7538,4
7539,2
7540,2
7541,5
7542,2
7560,2
7563,3
7572,5
7574,4
7575,3
7584,1
7586,2
7601,3
7602,1
7603,3
7604,3
7616,3
7630,11
7631,2
7632,5
7633,9
7634,1
7643,1
7646,2
7657,3
7658,9
7659,3
7672,1
7673,1
7683,3
7684,9
7685,4
7688,1
7690,1
7692,3
7699,2
7700,2
7702,3
7708,1
7710,6
7711,4
7715,1
7727,1
7728,1
7731,2
7734,2
7744,1
7746,1
7748,4
7751,1
7753,2
7756,2
7771,2
7779,1
7790,3
7792,1
7795,1
7807,1
7808,1
7810,3
7811,1
7814,1
7815,2
7830,1
7845,4
7890,1
7904,1
7906,1
7914,1
7917,7
7929,3
7933,2
7934,1
7962,2
7965,5
7966,2
7983,1
7989,1
8000,1
8002,1
8011,2
8012,7
8013,10
8021,1
8030,1
8046,1
8053,4
8064,1
8065,3
8067,1
8068,1
8071,4
8075,1
8078,1
8079,1
8088,1
8098,2
8102,2
8105,3
8121,1
8135,4
8141,4
8142,3
8150,5
8152,3
8159,1
8165,1
8173,1
8175,1
8185,2
8186,7
8191,1
8222,1
8223,1
8232,1
8243,1
8287,3
8290,1
8296,1
8303,5
8305,1
8313,1
8329,1
8330,1
8331,1
8335,1
8345,4
8346,4
8369,5
8370,2
8374,3
8389,1
8390,6
8392,1
8398,1
8400,1
8426,1
8428,416
8434,1
8447,3
8449,455
8451,1
8454,1
8458,1
8460,3
8464,1
8466,13
8468,10
8470,1
8471,6
8473,12
8475,6
8477,11
8479,9
8489,2
8490,2
8498,2
8499,1
8500,2
8510,1
8511,2
8516,4
8517,4
8527,1
8537,1
8540,4
8541,1
8556,4
8557,1
8563,4
8564,1
8565,2
8566,1
8567,1
8572,1
8574,4
8576,11
8578,4
8585,2
8587,1
8588,2
8592,2
8593,1
8594,1
8599,2
8600,5
8614,8
8618,5
8622,2
8626,1
8630,2
8654,1
8656,1
8657,1
8663,2
8675,1
8677,5
8691,1
8698,1
8700,1
8701,1
8716,1
8718,2
8721,1
8725,3
8738,1
8750,1
8752,1
8760,1
8765,1
8771,1
8799,2
8813,1
8814,1
8817,5
8818,4
8823,1
8833,1
8840,1
8844,1
8845,1
8846,2
8851,104
8863,1
8864,5
8865,3
8868,1
8869,1
8872,120
8882,1
8888,5
8889,3
8891,5
8894,1
8895,117
8899,1
8908,107
8913,5
8914,6
8915,2
8922,112
8929,6
8930,6
8931,6
8939,1
8942,1
8948,116
8955,9
8956,2
8957,3
8961,1
8977,1
8979,4
8980,8
8981,6
9000,4
9001,9
9002,6
9004,1
9009,3
9010,2
9015,4
9029,1
9036,1
9037,6
9038,5
9043,1
9045,1
9046,1
9059,1
9070,1
9071,1
9072,1
9074,2
9079,1
9080,1
9093,7
9094,3
9099,1
9110,1
9114,1
9116,1
9118,1
9122,1
9138,2
9149,1
9162,1
9174,2
9175,2
9203,3
9204,2
9211,4
9212,5
9225,2
9233,1
9234,1
9236,1
9237,1
9244,3
9248,1
9259,1
9263,1
9265,9
9281,1
9282,1
9284,1
9293,1
9294,2
9295,2
9296,2
9297,1
9298,2
9299,1
9302,3
9304,3
9305,3
9315,1
9318,1
9321,3
9334,5
9348,1
9363,2
9371,1
9378,3
9384,1
9387,2
9399,1
9401,1
9402,1
9404,1
9412,4
9413,5
9415,4
9417,1
9437,2
9438,1
9446,4
9450,2
9452,1
9453,8
9455,1
9458,1
9463,2
9473,1
9477,1
9481,1
9484,1
9493,1
9494,1
9498,1
9499,2
9500,1
9502,4
9524,1
9525,2
9526,1
9528,1
9530,1
9534,1
9557,2
9571,1
9574,4
9575,2
9580,7
9583,4
9584,8
9585,1
9588,2
9589,4
9590,7
9592,1
9595,7
9596,4
9602,2
9603,2
9616,1
9631,1
9658,2
9661,4
9671,1
9677,1
9679,1
9680,2
9686,5
9689,1
9694,1
9704,3
9708,1
9711,1
9712,1
9725,7
9747,1
9751,1
9759,1
9762,4
9767,6
9768,1
9773,8
9779,1
9781,7
9782,3
9784,1
9785,4
9799,1
9800,2
9802,6
9803,7
9804,5
9805,6
9806,10
9809,1
9827,3
9828,2
9829,4
9830,8
9831,5
9832,2
9839,4
9843,1
9847,9
9848,1973
9850,4
9851,5
9857,1
9860,1
9868,3
9881,1
9887,4
9888,9
9889,6
9890,1955
9891,1
9893,9
9900,1
9901,3
9902,3
9903,4
9908,2
9910,1
9912,11
9926,14
9927,6
9929,8
9930,5
9933,3
9943,1
9945,4
9951,5
9952,3
9953,12
9956,3
9964,1
9968,2
9971,5
9973,3
10003,1
10011,2
10033,1
10050,1
10056,1
10075,1
10086,2
10090,2
10108,1
10122,8
10130,1
10132,2
10143,1
10145,3
10150,1
10154,2
10163,5
10164,3
10168,1
10175,1
10186,2
10188,4
10190,6
10197,1
10201,3
10202,2
10217,8
10222,1
10230,1
10231,6
10232,1
10239,2
10242,1
10252,5
10255,7
10256,1
10258,1
10264,1
10271,2
10293,1
10295,4
10298,2
10301,1
10311,3
10320,1
10321,1
10325,2
10339,1
10341,1
10346,1
10352,1
10366,1
10371,1
10372,2
10378,1
10379,1
10381,1
10394,1
10397,1
10408,2
10412,1
10413,1
10414,4
10422,3
10443,2
10444,1
10452,1
10455,1
10459,1
10470,1
10475,1
10486,1
10497,2
10499,1
10505,1
10508,5
10511,2
10513,6
10523,1
10526,2
10536,1
10540,1
10545,1
10553,2
10556,1
10559,1
10560,2
10572,2
10577,1
10579,3
10580,1
10581,1
10585,1
10590,3
10592,3
10594,1
10598,1
10615,1
10621,1
10622,6
10625,1
10626,2
10633,1
10634,1
10642,1
10643,1
10652,1
10653,1
10656,1
10665,1
10666,1
10669,2
10671,1
10672,2
10674,1
10679,1
10686,1
10700,2
10712,1
10713,11
10714,1
10715,10
10718,1
10719,1
10720,2
10721,1
10731,1
10733,140
10743,1
10746,1
10749,3
10751,4
10757,1
10766,113
10768,1
10782,1
10785,2
10787,1
10788,1
10789,7
10791,3
10794,2
10803,1
10805,1
10809,109
10824,1
10832,1
10840,2
10844,1
10854,125
10863,1
10871,1
10873,1
10879,1
10890,3
10898,101
10901,1
10918,1
10922,6
10926,3
10928,1
10932,114
10933,1
10937,7
10943,1
10945,2
10950,6
10952,6
10953,6
10954,1
10955,2
10956,3
10957,8
10958,6
10959,6
10960,8
10961,1
10962,3
10963,3
10964,6
10965,6
10966,11
10967,4
10968,1
10969,6
10970,5
10971,9
10973,7
10975,1
10977,1
10981,4
10983,1
10989,2
10990,1
10994,2
10998,1
11003,2
11004,2
11005,1
11008,2
11017,1
11024,1
11028,2
11031,2
11038,1
11039,6
11042,2
11059,1
11060,1
11070,1
11071,5
11072,6
11074,1
11076,1
11078,1
11079,1
11080,2
11083,2
11084,2
11085,1
11094,1
11096,1
11099,1
11106,1
11111,1
11112,2
11120,3
11132,1
11150,1
11160,3
11173,1
11178,1
11180,1
11188,1
11197,1
11200,2
11203,1
11216,1
11218,9
11219,4
11221,12
11223,1
11227,1
11231,1
11248,1
11253,1
11260,1
11264,1
11266,1
11267,1
11284,1
11288,3
11290,12
11291,1
11295,1
11310,7
11326,1
11328,5
11334,4
11335,6
11337,5
11347,6
11372,1
11373,1
11375,5
11377,9
11379,6
11382,1
11386,3
11387,1
11392,1
11405,1
11409,1
11411,7
11413,3
11414,2
11419,1
11420,6
11421,1
11422,1
11427,1
11430,1
11439,1
11454,4
11455,1
11456,5
11460,1
11462,1
11472,2
11473,3
11476,1
11477,1
11483,1
11492,2
11527,1
11539,1
11547,1
11549,1
11563,1
11569,1
11571,1
11585,1
11586,10
11591,1
11601,1
11603,4
11611,1
11612,1
11614,1
11615,1
11627,3
11632,3
11639,5
11647,2
11649,1
11654,1
11656,4
11665,1
11688,1
11697,1
11699,1
11706,1
11707,9
11709,1
11715,5
11727,7
11738,1
11747,8
11755,1
11758,1
11769,1
11777,1
11779,1
11782,1
11785,1
11791,1
11792,1
11798,1
11806,2
11807,1
11824,1
11828,1
11841,1
11843,1
11854,1
11863,4
11867,1
11873,1
11875,1
11876,5
11887,1
11891,1
11892,1
11911,9
11916,2
11917,1
11918,1
11921,5
11929,4
11935,1
11936,1
11937,5
11940,3
11941,6
11942,1
11943,1
11950,1
11951,1
11952,4
11959,1
11962,1
11963,1
11970,1
11972,1
11980,9
11986,2
11993,4
12001,3
12003,2
12009,1
12015,1
12017,1
12020,2
12030,1
12033,1
12045,3
12063,1
12066,2
12068,1
12075,1
12076,1
12081,2
12088,3
12090,1
12094,1
12098,1
12109,1
12122,1
12124,1
12126,1
12131,1
12134,1
12164,1
12165,1
12166,4
12170,1
12178,2
12180,1
12186,2
12192,1
12201,1
12202,1
12203,1
12204,1
12206,1
12211,3
12213,1
12214,1
12225,1
12230,1
12232,1
12235,2
12236,1
12238,8
12253,2
12260,1
12263,6
12265,4
12266,2
12267,2
12268,3
12275,1
12279,1
12281,1
12284,1
12285,1
12290,1
12291,1
12301,5
12310,4
12318,1
12321,1
12343,10
12354,1
12356,9
12384,3
12386,1
12394,2
12398,4
12400,1
12418,1
12420,2
12423,1
12427,1
12429,1
12432,1
12436,1
12438,1
12439,1
12440,1
12441,1
12444,2
12446,1
12447,1
12453,1
12454,1
12463,1
12475,1
12483,1
12485,5
12486,1
12487,1
12491,2
12496,1
12498,1
12513,1
12523,5
12524,4
12525,7
12526,6
12543,1
12547,1
12551,1
12553,4
12554,6
12555,8
12556,3
12558,4
12564,4
12565,2
12566,8
12577,5
12578,6
12579,9
12580,8
12581,8
12582,8
12583,9
12584,6
12585,4
12586,5
12587,5
12588,2
12589,10
12592,2
12593,8
12595,422
12596,1
12598,6
12599,2
12600,15
12602,413
12606,447
12614,416
12621,1
12626,7
12627,10
12628,4
12635,2
12636,1
12639,1
12640,2
12656,1
12659,5
12660,5
12663,9
12668,4
12673,1
12676,1
12685,1
12686,1
12690,1
12694,1
12720,2
12724,1
12726,3
12729,1
12730,2
12733,1
12735,3
12741,8
12748,3
12752,2
12770,1
12772,1
12781,2
12782,1
12785,1
12786,1
12787,1
12790,1
12791,1
12795,3
12796,1
12797,2
12804,2
12808,1
12813,1
12827,1
12852,10
12853,4
12854,1
12856,2
12857,1
12863,7
12868,1
12881,1
12883,1
12889,3
12890,6
12892,1
12893,1
12894,1
12895,3
12898,1
12900,2
12901,1
12902,2
12904,5
12906,9
12910,10
12911,2
12933,1
12934,4
12936,7
12938,5
12939,564
12940,1
12946,1
12959,1
12975,1
12977,2
12983,3
12986,1
12987,587
12988,1
12996,1
13005,2
13027,6
13032,6
13033,7
13034,533
13036,9
13064,9
13068,3
13071,1
13072,3
13073,580
13076,3
13112,547
13116,1
13117,1
13120,1
13121,3
13123,2
13124,1
13131,1
13139,1
13143,3
13144,1
13146,1
13149,1
13150,1
13155,2
13162,562
13164,1
13166,1
13168,2
13171,7
13181,8
13183,5
13186,2
13192,1
13193,1
13196,1
13197,1
13200,1
13201,1
13202,1
13204,1
13211,1
13212,2
13213,3
13234,6
13235,1
13236,2
13241,1
13245,1
13246,1
13248,2
13250,1
13252,1
13256,4
13268,13
13269,1
13270,3
13283,1
13284,1
13292,8
13293,1
13295,1
13303,1
13306,2
13308,9
13309,3
13310,2
13313,3
13315,1
13318,1
13319,1
13321,1
13327,1
13336,3
13342,1
13351,1
13354,4
13360,5
13362,3
13363,3
13365,1
13374,1
13375,1
13379,8
13386,1
13391,1
13394,1
13396,1
13402,1
13417,3
13421,9
13424,2
13432,3
13433,1
13435,2
13439,5
13440,2
13444,1
13447,1
13452,1
13453,1
13454,1
13460,1
13463,1
13466,1
13474,1
13478,3
13480,1
13487,1
13489,9
13490,1
13493,1
13500,7
13503,7
13504,2
13507,2
13523,1
13524,1
13525,1
13527,1
13532,2
13534,2
13536,1
13539,5
13540,5
13541,9
13542,6
13543,4
13545,4
13549,1
13550,4
13551,1
13554,1
13567,1
13577,3
13578,5
13579,3
13593,1
13594,2
13595,5
13596,1
13597,1
13610,1
13614,12
13616,2
13619,8
13628,1
13635,2
13636,1
13640,1
13641,2
13643,1
13649,3
13651,4
13652,3
13653,4
13654,3
13660,1
13673,1
13682,1
13683,1
13689,7
13693,1
13695,2
13696,1
13698,1
13701,1
13706,1
13715,1
13722,5
13724,1
13736,1
13738,1
13741,4
13743,3
13746,1
13747,1
13749,2
13750,14
13767,11
13773,2
13777,1
13789,1
13791,1
13792,5
13793,1
13803,2
13813,1
13814,2
13815,3
13818,4
13819,1
13828,1
13844,2
13845,2
13846,1
13851,4
13852,7
13856,1
13858,1
13861,1
13863,1
13865,2
13867,4
13868,2
13875,1
13880,127
13886,119
13887,2
13889,8
13894,1
13895,1
13897,4
13906,129
13908,2
13909,5
13913,8
13916,1
13918,1
13925,1
13930,1
13932,1
13934,2
13939,1
13944,123
13947,1
13952,1
13953,1
13957,1
13960,1
13967,1
13969,1
13977,1
13978,1
13979,1
13982,3
13983,4
13987,1
13991,1
13992,1
13996,1
13999,1
14002,121
14004,1
14007,1
14008,1
14009,1
14012,1
14015,1
14017,1
14018,2
14019,1
14021,2
14023,2
14025,1
14026,1
14027,2
14029,6
14038,2
14039,1
14041,7
14048,1
14053,110
14056,1
14058,2
14060,1
14066,1
14067,1
14068,2
14071,5
14090,1
14104,1
14106,3
14109,1
14110,7
14116,1
14125,1
14131,1
14133,1
14149,1
14157,1
14159,12
14162,1
14164,1
14170,1
14174,4
14177,1
14181,1
14192,2
14195,1
14198,1
14200,1
14207,1
14210,1
14213,1
14218,1
14219,3
14220,1
14223,4
14224,2
14235,1
14237,1
14268,2
14269,2
14271,1
14279,1
14280,1
14283,1
14289,1
14297,1
14301,1
14303,8
14305,1
14308,1
14319,1
14329,1
14332,1
14334,1
14339,1
14344,2
14348,1
14352,3
14358,10
14364,1
14365,1
14367,1
14373,2
14374,2
14384,2
14388,1
14394,2
14400,2
14402,5
14405,2
14429,1
14434,1
14435,1
14436,1
14441,1
14444,1
14446,1
14447,1
14454,1
14455,1
14466,3
14473,1
14475,1
14479,1
14480,1
14485,1
14487,2
14495,1
14501,7
14504,3
14506,6
14507,7
14510,1
14512,6
14523,2
14525,5
14527,3
14533,2
14536,1
14552,1
14557,1
14558,10
14559,2
14561,1
14570,6
14574,1
14582,1
14583,1
14584,2
14587,2
14588,3
14592,1
14593,1
14594,2
14595,1
14596,5
14597,1
14599,4
14601,1
14602,1
14605,2
14610,1
14612,1
14613,1
14624,7
14626,1
14629,1
14630,1
14635,1
14638,1
14644,2
14645,1
14646,4
14647,2
14651,1
14657,1
14660,8
14661,1
14666,7
14669,1
14670,2
14673,1
14674,3
14676,3
14677,1
14690,1
14700,1
14701,2
14702,1
14703,1
14707,2
14713,1
14716,1
14717,1
14720,1
14722,1
14723,1
14725,2
14726,1
14731,1
14741,1
14744,2
14746,2
14751,1
14755,5
14756,1
14770,1
14784,1
14788,1
14791,1
14794,5
14795,1
14796,5
14801,1
14808,1
14813,3
14821,2
14826,2
14827,3
14829,2
14831,2
14834,5
14835,2
14836,5
14837,2
14839,1
14847,1
14850,3
14860,1
14865,1
14869,1
14871,11
14872,2
14874,4
14878,3
14883,2
14887,2
14889,1
14892,5
14897,1
14900,1
14902,2
14904,10
14905,1
14909,1
14914,1
14920,4
14921,2
14923,9
14928,1
14934,1
14942,1
14945,1
14951,1
14955,1
14958,6
14960,6
14962,5
14963,2
14964,1
14980,1
14983,2
14996,1
15000,1
15023,1
15025,1
15026,1
15030,3
15032,7
15036,2
15039,1
15048,1
15052,1
15057,2
15058,1
15066,1
15069,1
15074,587
15075,1
15076,2
15077,1
15079,1
15081,1
15085,1
15087,1
15089,1
15092,1
15094,2
15099,2
15101,3
15102,1
15106,1
15111,1
15113,5
15117,551
15122,1
15123,1
15124,2
15132,1
15133,1
15138,4
15139,2
15143,2
15147,1
15159,1
15173,1
15175,1
15177,2
15180,1
15181,1
15188,1
15191,9
15192,546
15202,1
15210,2
15217,1
15229,2
15231,1
15235,1
15246,1
15256,1
15261,1
15263,1
15264,2
15266,2
15267,5
15268,1
15276,2
15285,1
15286,7
15287,548
15289,2
15290,1
15291,2
15316,2
15332,1
15337,541
15338,2
15340,4
15341,2
15355,1
15357,6
15358,1
15368,2
15369,4
15370,1
15374,1
15378,1
15381,561
15391,1
15393,1
15395,3
15405,3
15412,531
15422,7
15430,1
15432,1
15433,2
15440,1
15443,574
15444,3
15445,2
15446,1
15447,3
15448,1
15459,1
15477,1
15478,1
15484,1
15486,1
15489,1
15490,3
15491,1
15493,575
15494,4
15496,1
15499,1
15515,2
15520,1
15522,3
15524,6
15528,2
15529,1
15533,1
15534,7
15535,1
15537,2
15543,2
15550,1
15553,6
15560,1
15566,3
15567,1
15568,5
15572,2
15579,1
15580,5
15581,1
15583,1
15586,1
15587,4
15588,2
15592,9
15599,1
15616,1
15617,2
15618,1
15630,2
15639,1
15643,1
15656,1
15661,1
15663,2
15664,1
15665,1
15666,1
15668,1
15679,1
15688,1
15689,1
15692,1
15693,2
15694,1
15701,1
15708,1
15720,1
15723,1
15725,6
15747,2
15749,1
15757,1
15761,1
15762,1
15764,1
15768,7
15776,2
15783,1
15814,3
15817,2
15819,1
15821,1
15823,2
15826,8
15827,2
15828,3
15829,1
15830,1
15832,2
15839,3
15841,2
15848,1
15851,1
15857,1
15873,1
15875,3
15879,1
15881,1
15883,8
15885,5
15886,5
15887,1
15889,2
15894,1
15897,2
15920,1
15921,2
15922,1
15923,1
15925,1
15935,3
15937,2
15938,6
15941,2
15963,1
15973,2
15977,1
15980,1
15983,2
15992,1
15996,1
15997,1
16006,1
16008,2
16016,1
16021,8
16023,1
16025,1
16037,1
16044,1
16050,1
16053,1
16056,3
16060,1
16061,1
16063,2
16068,4
16073,2
16096,1
16100,1
16105,2
16107,6
16111,1
16114,1
16120,1
16124,2
16140,1
16147,3
16148,4
16149,1
16150,1
16151,2
16153,3
16154,2
16160,3
16161,2
16162,1
16165,3
16168,1
16169,1
16183,2
16184,3
16188,6
16189,6
16190,4
16196,1
16200,1
16208,9
16212,1
16213,1
16217,1
16227,7
16228,6
16229,8
16231,1
16232,1
16235,1
16244,11
16249,1
16254,5
16255,8
16259,2
16268,2
16269,1
16270,1
16279,2
16281,2
16282,4
16283,3
16284,4
16285,6
16286,4
16287,1
16297,2
16299,2
16301,1
16302,1
16304,1
16305,1
16307,1
16308,2
16310,1
16312,1
16313,1
16314,2
16323,4
16324,7
16329,4
16330,1
16332,2
16334,1
16336,1
16337,1
16338,2
16341,2
16342,2
16343,7
16349,1
16352,1
16353,6
16359,10
16360,2
16362,4
16366,1
16369,2
16374,1
16376,1
16378,1
16381,4
16382,6
16385,2
16386,1
16389,10
16392,1
16393,1
16395,1
16396,2
16397,3
16398,3
16400,1
16405,1
16406,1
16408,2
16410,6
16412,3
16414,1
16416,1
16419,3
16421,3
16429,5
16430,1
16432,1
16436,1
16437,3
16439,1
16440,1
16442,1
16446,3
16447,1
16448,1
16449,3
16452,1
16453,2
16454,1
16455,1
16456,2
16457,1
16458,2
16461,2
16464,9
16466,1
16467,1
16468,2
16471,1
16472,1
16473,2
16479,1
16480,1
16483,1
16484,2
16485,1
16488,1
16489,1
16490,5
16492,7
16493,5
16494,2
16495,4
16497,2
16501,1
16504,1
16510,1
16512,1
16515,1
16516,1
16525,2
16526,1
16537,1
16541,1
16542,1
16544,2
16545,2
16546,1
16547,5
16548,3
16553,3
16560,1
16562,5
16563,1
16564,6
16565,1
16566,3
16567,1
16570,1
16571,5
16575,1
16576,1
16578,1
16579,4
16580,1
16581,2
16583,2
16584,11
16585,1
16586,4
16597,1
16601,3
16602,1
16603,1
16605,1
16606,3
16607,1
16609,2
16615,2
16616,3
16618,1
16619,1
16620,1
16621,8
16622,2
16626,8
16628,7
16638,1
16647,4
16649,1
16663,1
16665,1
16670,9
16671,1
16672,1
16674,7
16677,5
16678,1
16681,1
16682,4
16683,1
16685,3
16686,3
16687,7
16688,2
16690,1
16691,3
16692,1
16700,1
16702,1
16706,1
16709,3
16710,3
16716,2
16720,2
16722,1
16723,4
16724,1
16726,2
16728,1
16730,1
16732,1
16733,1
16734,1
16735,1
16739,1
16740,7
16742,2
16747,1
16748,2
16753,1
16756,1
16757,1
16759,2
16763,1
16766,1
16767,1
16770,1
16772,5
16773,1
16775,1
16782,1
16784,1
16791,9
16797,6
16801,2
16804,1
16809,1
16810,1
16811,2
16813,7
16814,1
16817,1
16818,1
16819,1
16823,1
16830,4
16831,3
16832,1
16845,9
16847,8
16850,1
16857,5
16858,1
16867,10
16869,1
16874,4
16878,1
16880,3
16883,2
16886,1
16889,1
16890,1
16892,6
16897,1
16902,2
16904,1
16909,2
16911,3
16912,1
16914,2
16915,1
16916,3
16925,3
16927,2
16931,1
16932,6
16937,1
16939,1
16947,1
16954,2
16955,2
16957,1
16958,1
16960,8
16962,1
16963,4
16965,4
16966,4
16969,5
16972,1
16975,1
16985,4
16988,3
16989,4
16990,2
16992,2
16997,4
16999,1
17002,1
17004,2
17006,2
17007,2
17010,4
17011,5
17015,7
17029,1
17031,6
17037,2
17045,6
17072,1
17081,1
17082,1
17094,2
17099,3
17101,3
17112,2
17117,1
17121,1
17130,1
17131,2
17139,6
17200,9
17209,1
17216,1
17218,1
17226,1
17252,1
17258,3
17286,1
17288,1
17289,3
17291,1
17301,2
17306,1
17312,1
17314,1
17317,2
17323,1
17326,2
17328,2
17329,6
17331,1
17335,1
17342,1
17344,1
17345,1
17349,1
17358,1
17360,1
17361,1
17362,1
17363,1
17365,1
17372,1
17373,2
17374,7
17380,3
17381,1
17383,1
17385,2
17390,1
17393,1
17394,9
17396,1
17397,7
17398,1
17403,6
17405,4
17411,1
17415,1
17419,1
17430,4
17432,1
17435,1
17436,2
17437,2
17438,2
17439,2
17440,1
17447,2
17453,1
17455,1
17458,5
17460,2
17461,1
17463,5
17467,1
17470,1
17475,1
17478,7
17486,1
17493,1
17495,1
17503,5
17530,1
17531,1
17532,2
17534,1
17537,1
17541,2
17546,1
17547,1
17548,7
17549,1
17550,1
17552,1
17558,1
17564,1
17566,1
17571,1
17573,1
17576,1
17579,1
17582,2
17584,1
17588,2
17591,1
17592,2
17595,1
17599,1
17601,1
17603,1
17605,2
17607,1
17614,1
17616,2
17623,1
17624,1
17627,2
17630,1
17631,1
17636,1
17639,2
17640,1
17641,1
17646,1
17648,3
17649,1
17650,1
17653,1
17654,6
17657,1
17659,1
17660,2
17665,2
17668,1
17674,1
17683,1
17688,1
17690,1
17692,1
17697,7
17698,1
17700,1
17701,1
17704,1
17707,1
17710,1
17712,1
17715,1
17716,1
17717,2
17718,3
17719,1
17720,1
17723,12
17726,1
17729,1
17731,1
17745,2
17746,3
17747,2
17752,1
17753,2
17756,3
17759,1
17762,1
17765,2
17766,1
17769,1
17772,1
17773,1
17776,2
17777,1
17778,3
17779,1
17781,1
17782,2
17783,3
17785,1
17786,1
17792,1
17795,1
17798,1
17801,1
17803,1
17804,1
17810,1
17811,2
17813,1
17814,17
17817,2
17820,2
17825,1
17829,1
17830,1
17831,2
17832,2
17834,2
17837,2
17839,1
17840,1
17844,1
17847,5
17850,2
17852,1
17854,1
17861,1
17862,5
17863,1
17867,1
17870,8
17875,1
17877,1
17880,7
17881,1
17883,1
17890,1
17892,1
17895,1
17897,1
17900,1
17907,1
17908,1
17911,12
17915,1
17917,1
17919,1
17920,3
17932,1
17940,1
17941,3
17943,3
17944,4
17945,1
17946,1
17947,5
17948,15
17949,3
17950,1
17951,9
17966,4
17969,4
17973,5
17975,4
17976,2
17980,1
17990,3
17991,3
17998,1
18002,6
18003,1
18008,1
18009,1
18010,8
18011,4
18012,1
18013,1
18014,2
18015,2
18018,1
18021,2
18023,1
18024,1
18031,1
18034,1
18059,7
18061,5
18062,3
18065,1
18070,3
18071,4
18072,2
18078,7
18080,1
18082,11
18083,7
18087,1
18089,2
18093,1
18095,2
18096,1
18097,2
18098,2
18100,1
18102,2
18103,2
18104,1
18107,1
18109,8
18110,1
18112,1
18117,1
18119,3
18122,2
18123,5
18124,2
18125,2
18127,6
18128,1
18129,7
18130,1
18131,1
18138,11
18139,2
18147,1
18152,3
18153,1
18158,2
18163,2
18166,1
18169,3
18172,6
18177,1
18178,2
18181,3
18182,4
18184,1
18185,2
18188,1
18189,1
18191,2
18194,1
18195,1
18197,1
18201,13
18202,4
18203,1
18204,79
18205,1
18206,4
18209,2
18211,3
18214,74
18217,1
18218,1
18219,2
18224,1
18230,3
18235,2
18236,1
18237,1
18239,1
18241,7
18242,6
18244,2
18246,3
18247,6
18248,6
18249,7
18250,5
18251,2
18252,7
18254,6
18256,1
18261,6
18266,3
18273,3
18277,1
18288,1
18289,1
18293,1
18295,1
18305,1
18309,1
18311,2
18315,7
18316,3
18320,1
18321,1
18325,8
18330,81
18334,1
18335,2
18340,2
18341,62
18344,4
18347,1
18348,2
18349,6
18352,1
18360,2
18365,1
18366,1
18371,2
18374,1
18376,1
18377,2
18378,1
18382,1
18384,2
18386,2
18388,3
18391,1
18405,2
18406,1
18407,2
18408,2
18409,1
18410,1
18412,1
18413,1
18417,2
18421,1
18426,2
18428,2
18430,8
18431,2
18432,1
18433,1
18437,3
18438,2
18439,2
18441,1
18448,2
18452,82
18454,86
18455,1
18456,2
18459,3
18460,1
18461,1
18466,1
18480,1
18483,1
18488,1
18490,3
18492,3
18494,1
18499,1
18500,3
18501,11
18502,2
18504,2
18505,1
18506,2
18508,1
18511,1
18512,3
18514,1
18516,1
18517,1
18520,1
18522,5
18525,4
18527,1
18530,3
18531,1
18532,1
18534,1
18536,83
18537,1
18538,1
18541,1
18543,7
18544,71
18549,2
18552,1
18558,1
18559,1
18560,10
18561,4
18564,1
18565,1
18566,1
18568,1
18569,1
18570,3
18571,1
18572,1
18577,1
18579,1
18581,1
18586,1
18589,2
18590,1
18593,1
18594,1
18595,2
18598,6
18602,3
18603,1
18605,2
18609,1
18612,4
18613,1
18615,1
18617,10
18618,1
18625,1
18630,2
18633,76
18637,1
18638,74
18639,1
18640,3
18641,1
18647,4
18648,6
18652,2
18654,4
18657,1
18658,1
18662,1
18663,1
18664,6
18665,3
18666,1
18668,1
18672,1
18673,5
18676,2
18681,3
18693,2
18695,4
18700,3
18702,1
18705,2
18707,3
18708,2
18711,1
18712,1
18716,2
18720,1
18721,1
18726,3
18728,88
18730,1
18731,9
18732,88
18734,2
18739,3
18740,1
18746,2
18747,1
18749,1
18750,1
18753,1
18756,2
18757,1
18759,1
18760,1
18761,3
18764,2
18766,1
18767,1
18768,7
18769,1
18771,2
18773,9
18775,1
18776,1
18778,2
18780,1
18782,3
18787,1
18788,2
18790,2
18791,2
18792,2
18793,3
18794,1
18798,4
18802,1
18810,1
18811,1
18814,2
18816,5
18817,8
18822,77
18824,6
18825,58
18828,2
18829,2
18832,1
18833,2
18838,1
18841,1
18843,9
18847,1
18849,1
18850,3
18852,1
18856,1
18858,1
18861,4
18862,2
18863,1
18864,1
18865,1
18868,1
18872,1
18873,4
18874,2
18876,2
18878,1
18879,2
18880,1
18882,1
18883,1
18884,2
18885,1
18889,1
18890,1
18892,1
18899,3
18901,1
18903,1
18907,1
18912,1
18915,1
18919,3
18920,4
18925,1
18926,38
18928,2
18930,3
18932,81
18934,32
18936,69
18941,37
18946,27
18948,1
18949,1
18956,1
18958,1
18964,2
18968,1
18970,3
18973,1
18978,3
18979,10
18980,1
18984,1
18994,1
19003,1
19007,3
19008,1
19009,1
19010,1
19011,2
19014,1
19017,1
19019,1
19026,2
19029,4
19031,25
19034,3
19036,25
19044,19
19046,25
19047,1
19049,9
19050,2
19051,4
19053,2
19056,75
19059,2
19061,86
19062,1
19064,2
19072,1
19075,1
19076,2
19077,1
19088,8
19089,7
19091,1
19093,12
19094,4
19095,6
19097,1
19099,5
19103,5
19104,1
19106,4
19110,2
19113,5
19114,1
19117,1
19118,2
19125,2851
19127,2793
19128,2743
19129,1
19133,1
19134,1
19135,1
19138,1
19139,3
19140,1
19146,1
19149,1
19151,1
19154,1
19157,1
19158,1
19159,1
19161,1
19163,2
19164,1
19165,1
19167,1
19168,1
19169,2
19170,1
19171,69
19179,1
19181,73
19188,1
19191,6
19192,3
19194,2
19198,4
19199,1
19200,1
19201,6
19202,8
19204,1
19205,6
19206,8
19207,7
19208,1
19209,1
19211,4
19212,1
19216,5
19217,7
19218,8
19219,1
19220,1
19223,5
19225,2
19233,1
19239,5
19256,1
19257,1
19259,1
19260,9
19262,1
19265,2
19268,1
19270,4
19272,2
19273,1
19274,2
19277,20
19279,2
19280,3
19281,20
19282,2
19284,28
19285,4
19286,1
19288,1
19289,2
19290,2
19291,1
19293,3
19294,5
19295,1
19296,2
19297,2
19298,22
19302,1
19303,2
19310,87
19311,86
19313,1
19314,4
19315,1
19318,2
19333,1
19334,1
19336,1
19341,1
19343,2
19344,7
19347,2
19350,8
19352,1
19354,2
19357,1
19358,1
19360,1
19365,1
19366,1
19367,1
19379,1
19380,1
19391,1
19394,1
19397,1
19406,2
19407,1
19409,2
19416,1
19418,1
19419,1
19422,1
19424,1
19426,5
19427,2
19430,2
19433,6
19436,1
19437,1
19440,3
19443,1
19444,1
19445,9
19447,2
19449,1
19457,2
19461,3
19465,3
19466,1
19469,1
19475,1
19478,10
19481,1
19482,2
19483,4
19486,7
19489,1
19490,2
19491,2
19500,2
19511,1
19512,1
19517,1
19529,1
19550,81
19551,82
19557,2
19560,1
19573,7
19574,5
19575,5
19576,3
19578,1
19581,9
19594,2
19597,2
19604,1
19605,1
19606,1
19609,1
19610,1
19617,1
19618,2
19619,1
19621,3
19627,9
19629,87
19631,1
19633,1
19639,68
19649,4
19650,1
19653,1
19654,1
19655,5
19660,1
19662,1
19663,2
19664,1
19665,4
19667,1
19671,1
19672,1
19674,1
19675,28
19676,1
19678,20
19679,1
19680,24
19685,30
19690,2
19691,1
19696,1
19698,1
19701,9
19704,2
19707,2
19708,1
19717,1
19718,2
19720,1
19723,2
19724,1
19725,91
19727,1
19728,80
19730,1
19731,1
19734,6
19737,1
19741,1
19742,1
19747,10
19754,1
19755,1
19757,1
19759,1
19760,27
19761,33
19762,1
19763,32
19765,2
19766,5
19768,2
19774,43
19777,8
19778,1
19781,2
19782,2
19783,5
19786,1
19795,2
19804,3
19819,1
19820,1
19821,1
19824,2
19827,3
19828,3
19831,3
19832,6
19838,2
19840,3
19841,2
19844,1
19847,1
19853,1
19855,1
19859,2
19866,1
19869,7
19870,28
19872,32
19873,48
19874,1
19875,1
19877,28
19878,1
19880,2
19884,2
19888,2
19889,2
19892,2
19893,2
19898,1
19907,2
19908,1
19909,1
19912,2
19918,1
19928,1
19931,1
19932,1
19940,2
19943,2
19945,1
19947,1
19960,3
19972,1
19976,1
19977,2
19979,3
19980,1
19981,1
19982,1
19989,4
19991,1
19996,1
19997,7
19998,1
20013,6
20015,1
20016,10
20023,1
20025,2
20028,1
20031,1
20040,3
20043,1
20044,3
20049,1
20050,1
20053,8
20059,1
20062,2
20067,2
20068,1
20071,2
20075,3
20080,1
20081,8
20083,2
20086,2
20091,2
20093,1
20095,1
20096,2
20097,1
20098,1
20151,1
20152,1
20153,3
20155,8
20159,1
20160,1
20161,1
20168,1
20181,2
20202,1
20219,1
20220,4
20221,6
20223,9
20231,1
20232,7
20233,8
20235,1
20237,3
20240,1
20247,1
20253,1
20254,1
20258,1
20260,1
20266,1
20269,25
20270,2
20271,1
20272,1
20273,30
20280,25
20281,25
20283,4
20289,3
20292,8
20293,1
20294,1
20299,1
20301,1
20305,9
20311,4
20312,6
20313,4
20320,1
20325,1
20328,3
20336,2
20339,1
20345,1
20352,3
20355,4
20358,5
20359,1
20360,1
20361,1
20363,26
20365,23
20367,1
20372,31
20373,26
20378,1
20383,7
20384,1
20385,9
20388,1
20394,2
20401,2
20405,1
20408,1
20411,3
20415,1
20419,1
20420,1
20423,4
20426,1
20430,1
20433,1
20438,1
20446,1
20448,9
20449,1
20455,1
20458,1
20460,1
20461,1
20462,2
20463,1
20471,2
20473,1
20475,7
20477,5
20480,1
20487,1
20489,8
20490,1
20491,1
20492,4
20493,24
20494,24
20495,5
20499,3
20500,3
20501,32
20502,1
20503,1
20504,1
20506,1
20508,3
20509,35
20510,1
20511,1
20515,2
20521,2
20530,3
20536,2
20540,1
20546,1
20550,1
20552,1
20557,8
20558,1
20559,5
20563,2
20564,1
20565,1
20567,1
20569,1
20570,1
20572,3
20573,5
20574,1
20575,10
20577,1
20578,1
20580,1
20587,1
20589,1
20591,1
20596,1
20602,1
20607,1
20623,1
20629,1
20637,1
20638,2
20641,1
20643,1
20644,1
20645,1
20651,1
20656,1
20658,1
20664,1
20665,1
20673,1
20676,5
20677,2
20678,5
20681,1
20684,2
20685,7
20688,22
20690,31
20692,32
20693,1
20696,1
20704,3
20709,33
20713,5
20714,5
20715,1
20718,1
20725,1
20726,1
20727,1
20731,8
20733,1
20735,1
20742,1
20746,1
20749,7
20750,2
20751,3
20753,3
20757,1
20760,2
20761,1
20765,1
20768,1
20770,3
20771,3
20772,2
20775,1
20776,2
20778,1
20787,3
20789,2
20790,1
20792,2
20793,1
20794,1
20797,1
20798,1
20799,1
20800,4
20810,6
20816,2
20818,4
20820,2
20825,7
20827,4
20830,3
20838,3
20840,33
20845,1
20848,21
20849,1
20852,1
20853,1
20854,1
20855,1
20857,1
20859,23
20860,2
20863,1
20869,1
20870,23
20874,1
20875,264
20878,3
20879,2
20880,2
20890,9
20894,252
20904,1
20907,1
20913,2
20915,6
20918,2
20921,1
20922,4
20924,4
20925,2
20929,259
20937,1
20938,5
20939,1
20942,1
20943,1
20945,266
20947,1
20956,260
20957,1
20964,10
20969,1
20971,3
20977,1
20978,1
20979,3
20981,5
20984,2
20985,8
20986,1
20987,1
20989,1
20994,1
20995,1
20997,1
20998,1
20999,2
21000,1
21003,1
21004,30
21005,2
21006,2
21009,6
21010,27
21011,3
21012,1
21013,1
21015,1
21016,28
21019,1
21022,2
21026,2
21028,280
21030,1
21033,25
21034,3
21037,1
21038,1
21043,273
21048,1
21050,2
21056,1
21058,1
21059,1
21060,9
21061,1
21064,2
21069,253
21073,3
21083,1
21086,2
21087,3
21090,2
21091,7
21097,1
21099,1
21100,1
21106,1
21107,1
21109,240
21110,7
21111,2
21113,1
21114,1
21125,3
21128,2
21130,1
21138,241
21139,11
21142,1
21145,2
21150,1
21152,1
21153,1
21155,1
21157,6
21159,1
21161,2
21167,7
21169,1
21172,1
21176,1
21177,28
21180,1
21183,1
21186,1
21188,3
21189,1
21190,33
21191,1
21193,1
21198,32
21199,266
21200,1
21203,2
21204,30
21208,1
21211,248
21214,1
21215,1
21223,1
21224,1
21225,1
21226,262
21229,2
21231,6
21233,8
21239,3
21241,2
21242,269
21245,1
21246,1
21247,4
21250,1
21255,1
21256,2
21257,1
21262,2
21263,1
21265,1
21266,1
21268,247
21276,4
21277,9
21280,5
21293,1
21295,26
21296,1
21298,27
21300,1
21301,1
21304,1
21305,30
21306,1
21309,1
21310,2
21311,1
21313,4
21314,2
21315,35
21316,1
21318,27
21320,1
21321,1
21322,32
21324,1
21325,2
21328,1
21329,1
21330,2
21334,2
21337,1
21344,24
21346,1
21351,30
21352,1
21353,2
21356,3
21365,1
21367,1
21368,1
21373,1
21376,1
21378,2
21381,1
21382,4
21388,2
21393,2
21394,1
21395,1
21397,1
21398,1
21400,1
21401,1
21405,1
21406,8
21407,1
21408,1
21411,1
21416,1
21417,2
21421,1
21435,1
21437,1
21439,2
21442,3
21444,14
21448,1
21452,1
21454,1
21456,9
21457,1
21459,1
21460,1
21464,8
21465,5
21470,4
21472,1
21474,1
21477,1
21480,6
21482,2
21486,1
21492,2
21493,1
21495,1
21497,1
21505,7
21512,1
21513,2
21516,2
21521,3
21522,1
21526,2
21528,1
21529,1
21534,1
21538,1
21541,2
21543,1
21544,1
21548,2
21552,7
21555,1
21559,4
21560,1
21564,3
21567,1
21568,3
21569,30
21571,6
21572,19
21575,28
21576,2
21579,17
21580,1
21582,1
21588,1
21591,1
21594,1
21598,2
21600,2
21602,2
21603,3
21607,1
21610,10
21612,1
21616,1
21620,1
21621,10
21623,1
21624,8
21632,1
21637,1
21641,2
21642,1
21643,10
21647,1
21651,2
21655,1
21658,1
21659,2
21660,1
21662,1
21663,6
21664,1
21668,2
21670,37
21674,2
21675,7
21678,1
21685,1
21686,35
21688,3
21690,30
21691,1
21695,31
21696,2
21699,1
21703,2
21704,1
21705,2
21715,1
21716,1
21717,1
21718,1
21724,8
21725,5
21726,1
21727,1
21728,1
21736,1
21742,1
21743,1
21744,1
21745,3
21748,3
21752,1
21753,1
21755,1
21756,1
21757,1
21761,1
21764,1
21776,2
21783,1
21787,1
21793,4
21796,1
21803,1
21809,1
21811,1
21821,1
21833,3
21839,1
21846,1
21848,1
21849,1
21856,3
21860,1
21862,8
21866,6
21870,1
21873,1
21875,1
21876,1
21883,5
21884,1
21888,5
21890,42
21893,3
21897,1
21899,1
21901,3
21908,2
21909,1
21910,1
21911,1
21912,2
21915,22
21916,1
21920,1
21921,5
21923,1
21924,20
21932,1
21933,26
21935,2
21936,1
21941,1
21947,1
21951,1
21954,1
21956,1
21957,1
21959,254
21960,248
21961,246
21963,243
21964,291
21965,271
21966,267
21967,242
21969,264
21970,278
21971,1
21972,244
21975,241
21978,1
21980,1
21981,243
21982,2
21983,262
21984,272
21989,2
21990,1
21991,1
21993,2
21996,2
22003,1
22005,2
22007,1
22010,8
22014,1
22019,3
22022,1
22023,1
22024,2
22027,3
22030,1
22031,1
22032,2
22033,2
22034,1
22036,5
22037,8
22038,3
22040,9
22041,3
22042,9
22044,1
22046,2
22047,1
22051,1
22057,1
22060,5
22063,1
22064,2
22067,1
22074,2
22083,2
22084,1
22085,1
22086,1
22089,1
22091,4
22092,1
22094,2
22097,4
22104,1
22107,1
22113,4
22116,2
22122,2
22124,1
22128,1
22129,3
22131,2
22147,3
22151,1
22153,2
22162,26
22164,34
22166,1
22167,1
22169,5
22172,1
22173,1
22174,1
22175,18
22177,4
22178,15
22192,1
22198,1
22202,1
22206,1
22207,1
22213,8
22219,10
22220,1
22223,2
22226,2
22230,2
22231,1
22232,5
22233,2
22236,1
22238,2
22239,2
22240,2
22245,8
22251,2
22254,1
22257,1
22258,4
22259,5
22270,1
22283,1
22289,1
22295,8
22296,1
22299,4
22301,25
22302,1
22304,36
22307,1
22308,27
22312,23
22317,1
22319,1
22321,1
22323,1
22327,2
22328,2
22337,1
22338,1
22339,1
22341,4
22344,1
22345,1
22348,2
22354,2
22359,2
22361,1
22362,1
22365,5
22367,4
22368,2
22370,1
22374,1
22378,7
22379,3
22382,4
22387,1
22390,3
22391,2
22392,1
22402,4
22408,6
22415,3
22418,4
22420,9
22423,3
22427,1
22428,1
22432,4
22434,1
22446,9
22450,2
22454,2
22457,10
22458,1
22465,1
22477,2
22480,3
22481,1
22484,1
22485,1
22486,1
22487,1
22495,1
22500,2
22506,1
22508,1
22513,1
22517,1
22518,1
22523,1
22527,1
22531,1
22535,1
22538,1
22540,2
22541,1
22542,1
22544,1
22550,1
22557,2
22559,1
22565,1
22568,1
22570,7
22572,2
22576,4
22577,7
22579,7
22582,1
22584,1
22585,15
22587,11
22591,7
22592,1
22600,1
22603,1
22607,1
22614,3
22615,1
22616,1
22617,1
22618,1
22624,9
22626,1
22628,9
22634,1
22637,2
22638,3
22639,1
22640,1
22643,2
22650,1
22660,3
22666,9
22667,1
22670,3
22671,1
22673,1
22675,1
22677,2
22678,1
22683,1
22689,1
22691,1
22692,4
22694,1
22695,1
22698,1
22700,6
22701,1
22702,3
22705,3
22707,1
22709,1
22713,1
22715,2
22720,11
22723,24
22724,1
22726,1
22730,28
22731,1
22736,26
22737,24
22738,1
22740,3
22744,1
22751,1
22752,1
22755,2
22757,1
22763,1
22764,2
22767,3
22768,2
22769,3
22771,2
22773,1
22774,1
22775,6
22778,1
22779,2
22780,1
22781,1
22785,2
22788,2
22789,1
22790,1
22792,1
22793,1
22794,5
22799,2
22802,1
22803,6
22804,3
22806,5
22807,2
22808,6
22810,1
22819,1
22820,6
22826,1
22832,1
22833,3
22835,3
22843,1
22850,1
22852,2
22857,1
22860,1
22863,1
22866,3
22867,1
22868,1
22873,1
22875,2
22876,2
22881,1
22883,2
22884,1
22890,1
22894,8
22897,2
22900,1
22901,2
22904,1
22906,5
22907,1
22909,24
22910,1
22912,28
22915,1
22916,2
22917,1
22919,4
22920,32
22922,30
22926,1
22927,1
22930,1
22931,2
22937,1
22943,1
22945,1
22948,1
22952,2
22960,10
22980,1
22988,1
22989,2
23014,4
23032,1
23045,1
23049,5
23051,2
23052,4
23053,1
23057,3
23058,1
23061,1
23062,2
23067,4
23068,1
23070,1
23073,6
23074,3
23078,1
23079,1
23081,2
23084,1
23090,1
23092,1
23095,3
23096,22
23100,1
23101,38
23103,1
23112,27
23114,29
23123,1
23130,1
23137,1
23138,1
23140,1
23142,15
23148,1
23157,7
23160,1
23163,1
23165,1
23171,1
23175,2
23177,2
23189,1
23190,9
23191,1
23193,1
23194,1
23195,1
23198,2
23199,1
23207,1
23210,2
23215,2
23216,1
23217,3
23218,2
23220,2
23221,3
23223,2
23226,2
23229,1
23232,4
23234,1
23235,9
23237,4
23238,10
23242,1
23243,6
23245,6
23246,1
23247,1
23248,5
23249,1
23253,8
23254,1
23259,1
23260,1
23261,37
23262,1
23265,3
23267,3
23269,26
23270,35
23271,1
23272,2
23273,28
23276,1
23279,1
23280,1
23282,1
23283,2
23284,4
23288,2
23290,1
23297,1
23300,2
23311,1
23319,1
23322,1
23323,1
23327,7
23332,1
23333,1
23339,1
23344,1
23345,1
23353,1
23358,1
23361,4
23362,1
23363,2
23368,1
23369,678
23371,7
23374,5
23377,1
23378,1
23380,7
23381,9
23383,6
23385,6
23388,3
23389,4
23390,4
23391,1
23392,12
23393,2
23394,3
23396,2
23399,1
23400,1
23406,3
23408,2
23410,1
23414,1
23416,3
23419,1
23423,1
23425,2
23429,1
23433,1
23436,1
23437,2
23440,7
23441,1
23444,684
23448,4
23450,4
23455,2
23456,2
23458,7
23459,6
23460,11
23461,5
23462,7
23464,2
23465,2
23466,1
23467,1
23468,1
23469,18
23474,1
23476,4
23478,1
23479,3
23480,7
23483,1
23485,12
23486,9
23488,2
23489,3
23491,5
23493,10
23494,3
23495,1
23496,9
23499,6
23500,5
23501,5
23502,2
23508,8
23511,4
23515,1
23516,672
23517,4
23519,5
23520,2
23521,1
23525,2
23526,3
23527,1
23528,2
23531,1
23532,1
23535,3
23537,694
23539,2
23540,1
23542,2
23544,694
23547,6
23548,1
23550,1
23552,1
23553,11
23557,1
23558,2
23560,2
23562,732
23564,3
23566,8
23569,7
23571,4
23573,2
23575,696
23583,1
23586,9
23590,1
23593,1
23603,1
23606,1
23620,2
23622,3
23623,1
23625,1
23628,265
23629,2
23633,1
23636,1
23643,1
23646,1
23649,1
23650,1
23659,1
23660,2
23662,6
23665,1
23667,1
23679,2
23681,1
23685,4
23687,349
23688,2
23691,2
23692,69
23694,3
23704,1
23705,3
23708,1
23711,2
23714,1
23718,85
23719,257
23720,1
23725,3
23733,1
23741,3
23745,2
23747,8
23751,1
23753,8393
23760,1
23765,261
23766,1
23768,241
23769,1
23770,276
23774,1
23776,1
23778,1
23784,1
23786,1
23790,1
23801,1
23808,1
23812,6
23824,1
23827,1
23830,1
23831,1
23835,1
23837,2
23844,1
23849,22
23850,1
23852,1
23856,3
23865,32
23871,27
23872,2
23875,28
23879,228
23880,345
23890,1
23892,310
23893,80
23894,1
23897,1
23899,80
23909,1
23910,1
23911,235
23915,1
23928,1
23930,1
23940,1
23953,702
23956,2
23957,1
23958,1
23959,2
23960,1
23963,235
23964,288
23966,1
23968,5
23970,2
23971,270
23972,2
23979,5
23980,1
23987,30
23991,2
23998,19
24001,42
24004,32
24006,226
24018,1
24022,4132
24024,233
24035,4115
24037,1
24038,1
24044,245
24053,1
24054,1
24058,1
24060,1
24073,268
24074,70
24076,351
24079,247
24080,2
24085,64
24088,1
24090,1
24093,4
24096,1
24104,1
24107,226
24110,1
24111,2
24114,1
24122,1
24127,2
24129,8
24131,677
24133,1
24134,2
24137,266
24139,9
24140,8
24141,3
24142,1
24144,269
24145,249
24147,1
24148,2
24154,1
24155,21
24158,1
24162,2
24163,2
24164,28
24165,2
24173,1
24176,7
24187,252
24188,1
24190,1
24191,1
24192,26
24193,1
24194,31
24200,2
24203,2
24223,4
24231,231
24240,1
24241,1
24249,1
24252,2
24254,2
24271,7
24273,1
24275,3
24277,8
24281,227
24285,1
24287,1
24296,1
24297,1
24298,2
24300,1
24302,1
24306,1
24308,1
24311,5
24312,1
24316,81
24318,2
24319,83
24322,228
24323,3
24324,1
24328,340
24329,1
24334,252
24335,1
24338,2
24339,2
24359,239
24366,8
24371,696
24372,1
24374,10
24375,2
24376,2
24377,258
24378,247
24383,1
24384,248
24386,2
24387,2
24388,5
24390,2
24393,29
24396,31
24405,1
24406,1
24408,1
24413,24
24419,1
24421,1
24426,15
24430,1
24434,8
24437,1
24438,1
24442,4
24444,3
24445,1
24447,3
24448,3
24450,1
24455,2
24456,1
24459,4
24467,1
24472,1
24483,1
24484,1
24485,11
24486,99
24488,5
24489,350
24493,1
24494,2
24497,88
24498,1
24501,2
24504,293
24505,1
24509,1
24510,1
24511,1
24522,1
24525,1
24526,1
24531,1
24536,2
24538,2
24540,2
24541,8473
24542,2
24544,701
24549,2
24552,260
24553,1
24554,1
24555,273
24556,1
24558,7
24560,1
24563,252
24567,1
24569,1
24571,26
24577,1
24581,29
24583,1
24585,3
24586,2
24588,1
24589,7
24592,1
24593,1
24596,37
24597,1
24598,27
24599,1
24602,1
24607,1
24609,3
24614,2
24618,3
24621,1
24625,3
24631,1
24634,2
24635,1
24637,1
24641,1
24642,1
24643,10
24652,3
24653,1
24661,1
24666,1
24670,2
24672,1
24674,2
24676,4
24680,1
24681,1
24683,1
24685,1
24686,1
24689,1
24690,3
24694,272
24696,75
24697,355
24698,1
24699,69
24700,1
24702,1
24706,7
24708,1
24717,1
24722,1
24725,1
24727,4
24728,2
24730,661
24736,3
24737,4
24741,2
24744,1
24746,1
24748,1
24749,2
24750,3
24751,1
24760,1
24763,1
24764,2
24767,2
24768,21
24769,24
24770,3
24772,28
24775,9
24776,25
24779,1
24782,2
24788,1
24799,1
24804,1
24806,1
24808,1
24811,1
24815,2
24817,1
24818,1
24821,1
24829,81
24831,1
24833,262
24834,363
24837,1
24838,73
24840,1
24841,2
24843,4
24844,1
24870,1
24871,1
24886,4
24891,1
24902,1
24904,3
24908,1
24911,3
24912,4
24915,1
24917,9
24920,1
24938,3
24939,2
24942,4
24949,1
24953,1
24958,1
24960,1
24967,1
24969,2
24970,26
24974,33
24982,25
24987,1
24989,1
24993,235
24998,1
24999,3
25001,1
25003,26
25007,1
25009,3
25010,1
25014,1
25016,1
25017,1
25024,1
25026,309
25027,224
25029,1
25039,2
25040,1
25041,31
25042,227
25044,26
25046,23
25047,1
25048,1
25051,1
25053,1
25059,1
25060,2
25061,3
25062,1
25063,2
25064,30
25071,1
25072,3
25073,2
25074,1
25075,82
25077,1
25081,213
25084,251
25086,88
25091,8
25092,1
25093,336
25094,5
25097,2
25102,3
25103,2
25106,1
25107,3
25110,4
25113,1
25116,1
25126,2
25132,3
25133,298
25135,1
25138,6
25142,238
25144,5
25147,3
25149,1
25150,1
25151,1
25153,314
25154,3
25156,9
25157,340
25159,303
25161,1
25162,291
25164,2
25165,2
25169,95
25172,1
25174,2
25175,2
25176,9
25177,1
25178,1
25179,2
25181,3
25183,1
25186,1
25187,1
25189,2
25190,1
25191,2
25194,1
25195,4
25198,1
25199,1
25201,5
25203,2
25206,1
25207,1
25209,1
25211,1
25213,5
25214,4
25215,2
25218,1
25223,1
25224,25
25225,28
25229,1
25230,1
25235,1
25238,1
25239,1
25243,228
25248,31
25250,2
25251,26
25255,1
25256,4
25258,5
25260,2
25261,4
25266,1
25270,1
25273,1
25277,1
25283,1
25286,211
25291,9
25292,2
25293,2
25297,6
25298,9
25299,5
25302,1
25304,1
25306,4
25310,2
25319,1
25321,6
25331,1
25334,250
25338,1
25342,2
25345,2
25348,1
25349,290
25350,81
25351,1
25357,259
25361,1
25363,4
25365,1
25367,333
25371,1
25377,3
25378,1
25380,64
25381,1
25383,2
25391,1
25392,3
25394,1
25396,317
25397,3
25398,365
25400,1
25401,1
25404,4
25406,1
25409,1
25411,1
25413,8
25417,1
25420,229
25421,1
25424,1
25427,1
25431,304
25432,308
25433,329
25435,4
25437,320
25442,5
25445,9
25447,1
25449,1
25450,1
25451,1
25452,108
25454,5
25455,2
25456,1
25457,7
25461,1
25464,1
25467,1
25468,6
25470,1
25473,1
25474,3
25475,2
25482,376
25485,1
25486,2
25488,2
25492,3
25494,1
25499,27
25502,1
25503,3
25504,1
25506,1
25508,2
25510,1
25512,35
25515,2
25516,2
25517,222
25521,1
25522,1
25529,1
25531,1
25532,13
25536,1
25540,1
25542,24
25544,27
25546,5
25551,8
25552,1
25553,2
25558,309
25561,4
25562,3
25565,1
25567,1
25571,1
25572,1
25574,3
25576,1
25581,2
25582,3
25583,1
25585,247
25587,2
25593,1
25596,1
25598,2
25600,264
25603,2
25610,1
25623,1
25624,1
25626,1
25628,1
25633,1
25637,1
25643,69
25644,1
25650,323
25652,2
25654,72
25655,1
25657,1
25659,1
25662,1
25665,1
25666,291
25667,2
25668,332
25670,3
25672,293
25675,4
25678,4
25681,250
25684,1
25688,2
25691,1
25693,1
25694,309
25697,1
25701,1
25702,1
25708,1
25710,2
25712,332
25716,2
25718,1
25719,233
25722,1
25727,8
25729,350
25731,12
25734,6
25739,1
25740,1
25741,1
25743,1
25744,3
25745,1
25748,5
25751,1
25752,1
25754,4
25756,1
25759,3
25760,1
25761,2
25762,3
25763,1
25765,2
25766,2
25769,1
25770,1
25772,1
25773,1
25775,1
25776,1
25778,2
25780,1
25782,1
25786,1
25789,6
25790,3
25791,1
25792,98
25794,2
25795,1
25796,1
25797,2
25799,1
25801,2
25803,1
25808,24
25812,3
25818,1
25819,22
25822,2
25824,3
25825,1
25831,25
25832,5
25838,245
25840,1
25842,1
25854,1
25855,2
25860,1
25863,1
25865,1
25866,32
25870,2
25871,1
25872,2
25873,256
25874,2
25877,2
25878,1
25882,1
25883,1
25885,1
25886,1
25888,7
25892,3
25893,1
25898,1
25901,3
25904,1
25910,3
25913,1
25914,1
25917,1
25918,1
25919,245
25926,4
25929,1
25936,2
25942,1
25943,1
25945,1
25947,1
25951,1
25952,209
25954,1
25957,1
25958,1
25963,1
25966,2
25972,1
25977,1
25986,68
25992,1
25993,1
25994,74
25997,1
26001,211
26002,1
26005,1
26006,1
26007,2
26009,1
26013,1
26014,1
26016,2
26017,1
26019,5
26029,290
26030,1
26037,356
26038,1
26040,1
26044,1
26045,1
26052,1
26053,10
26055,1
26057,3
26062,317
26066,239
26068,1
26071,1
26075,1
26080,1
26084,1
26089,1
26090,1
26093,1
26096,1
26098,1
26099,3
26100,351
26103,328
26104,2
26105,1
26107,1
26110,2
26113,7
26114,6
26115,1
26117,3
26118,1
26119,1
26122,1
26123,3
26125,2
26126,4
26127,1
26128,1
26129,1
26131,2
26132,1
26133,5
26135,1
26136,1
26138,2
26139,323
26140,1
26141,117
26144,1
26146,343
26148,1
26150,1
26151,12
26152,1
26153,4
26156,2
26158,289
26159,1
26161,1
26163,2
26165,5
26166,2
26167,1
26168,2
26170,3
26173,323
26174,1
26177,2
26180,1
26181,1
26187,24
26195,2
26197,2
26199,1
26200,1
26204,1
26209,294
26213,1
26215,7
26218,1
26223,2
26224,29
26225,1
26226,2
26235,1
26242,3
26244,1
26245,1
26246,245
26247,28
26248,7
26249,1
26251,2
26256,23
26259,3
26263,4
26264,1
26266,1
26272,1
26277,2
26278,1
26280,1
26285,3
26287,227
26291,1
26292,2
26297,1
26304,1
26310,247
26312,1
26315,2
26316,4
26319,3
26321,1
26330,5
26331,2
26332,1
26344,1
26347,236
